

SET NAMES utf8mb4;
SET FOREIGN_KEY_CHECKS = 0;

-- ----------------------------
-- Table structure for med_conversation
-- ----------------------------
DROP TABLE IF EXISTS `med_conversation`;
CREATE TABLE `med_conversation`  (
  `id` bigint NOT NULL AUTO_INCREMENT COMMENT '主键ID',
  `user_id` bigint NOT NULL COMMENT '关联用户ID',
  `title` varchar(200) CHARACTER SET utf8mb4 COLLATE utf8mb4_unicode_ci NULL DEFAULT NULL COMMENT '会话标题(首次提问自动生成)',
  `message_count` int NOT NULL DEFAULT 0 COMMENT '消息条数',
  `last_active` datetime NULL DEFAULT NULL COMMENT '最后活跃时间',
  `create_time` datetime NOT NULL DEFAULT CURRENT_TIMESTAMP COMMENT '创建时间',
  `update_time` datetime NOT NULL DEFAULT CURRENT_TIMESTAMP ON UPDATE CURRENT_TIMESTAMP COMMENT '更新时间',
  `deleted` tinyint NOT NULL DEFAULT 0 COMMENT '逻辑删除',
  PRIMARY KEY (`id`) USING BTREE,
  INDEX `idx_user_id`(`user_id` ASC) USING BTREE,
  INDEX `idx_last_active`(`last_active` ASC) USING BTREE
) ENGINE = InnoDB AUTO_INCREMENT = 22 CHARACTER SET = utf8mb4 COLLATE = utf8mb4_unicode_ci COMMENT = '法律咨询会话表' ROW_FORMAT = DYNAMIC;

-- ----------------------------
-- Records of med_conversation
-- ----------------------------
INSERT INTO `med_conversation` VALUES (1, 1, '被公司无故辞退，我有哪些法律权利？', 2, '2026-03-21 10:00:00', '2026-03-21 09:55:00', '2026-03-21 09:55:00', 0);
INSERT INTO `med_conversation` VALUES (2, 1, '离婚时房产应该如何分割？', 2, '2026-03-21 11:00:00', '2026-03-21 10:30:00', '2026-03-21 10:30:00', 0);
INSERT INTO `med_conversation` VALUES (3, 1, '签了合同对方不履行，我该怎么办？', 2, '2026-03-21 14:00:00', '2026-03-21 13:45:00', '2026-03-21 13:45:00', 0);
INSERT INTO `med_conversation` VALUES (4, 4, '被公司无故辞退，我有哪些法律权利？', 0, '2026-03-21 19:11:19', '2026-03-21 19:11:19', '2026-03-21 19:11:19', 0);
INSERT INTO `med_conversation` VALUES (5, 4, '房东不退押金，我有哪些维权途径？', 0, '2026-03-21 19:12:18', '2026-03-21 19:12:18', '2026-03-21 19:12:18', 0);
INSERT INTO `med_conversation` VALUES (6, 4, '离婚时房产应该如何分割？', 0, '2026-03-21 19:14:08', '2026-03-21 19:14:08', '2026-03-21 19:14:08', 0);
INSERT INTO `med_conversation` VALUES (7, 4, '被公司无故辞退，我有哪些法律权利？', 2, '2026-03-21 19:19:40', '2026-03-21 19:19:23', '2026-03-21 19:19:23', 0);
INSERT INTO `med_conversation` VALUES (8, 4, '房东不退押金，我有哪些维权途径？', 2, '2026-03-21 19:52:52', '2026-03-21 19:52:33', '2026-03-21 19:52:33', 0);
INSERT INTO `med_conversation` VALUES (9, 3, '被公司无故辞退，我有哪些法律权利？', 2, '2026-03-21 20:17:18', '2026-03-21 20:17:00', '2026-03-21 20:17:00', 0);
INSERT INTO `med_conversation` VALUES (10, 3, '遭遇网络诈骗，如何维权追回损失？', 2, '2026-03-21 20:18:25', '2026-03-21 20:18:08', '2026-03-21 20:18:08', 0);
INSERT INTO `med_conversation` VALUES (11, 1, '被公司无故辞退，我有哪些法律权利？', 0, '2026-03-21 21:14:33', '2026-03-21 21:14:33', '2026-03-22 14:42:46', 1);
INSERT INTO `med_conversation` VALUES (12, 1, '离婚时房产应该如何分割？', 0, '2026-03-21 21:15:37', '2026-03-21 21:15:37', '2026-03-22 14:42:49', 1);
INSERT INTO `med_conversation` VALUES (13, 1, '房东不退押金，我有哪些维权途径？', 2, '2026-03-21 21:20:52', '2026-03-21 21:20:18', '2026-03-21 21:20:18', 0);
INSERT INTO `med_conversation` VALUES (14, 1, '离婚时房产应该如何分割？', 2, '2026-03-22 14:45:08', '2026-03-22 14:44:33', '2026-03-22 14:44:33', 0);
INSERT INTO `med_conversation` VALUES (15, 3, '被公司无故辞退，我有哪些法律权利？', 2, '2026-03-22 16:56:33', '2026-03-22 16:55:51', '2026-03-22 16:55:51', 0);
INSERT INTO `med_conversation` VALUES (16, 1, '被公司无故辞退，我有哪些法律权利？', 2, '2026-03-22 17:09:23', '2026-03-22 17:09:22', '2026-03-22 17:09:22', 0);
INSERT INTO `med_conversation` VALUES (17, 1, '被公司无故辞退，我有哪些法律权利？', 2, '2026-03-22 17:11:51', '2026-03-22 17:11:51', '2026-03-22 17:11:51', 0);
INSERT INTO `med_conversation` VALUES (18, 1, '公司已经连续两个月没有发放工资，HR一直...', 2, '2026-03-22 17:29:13', '2026-03-22 17:28:38', '2026-03-22 17:58:30', 1);
INSERT INTO `med_conversation` VALUES (19, 1, '公司突然要求我在无任何违纪情况下离职，并...', 2, '2026-03-22 17:58:02', '2026-03-22 17:57:16', '2026-03-22 18:05:35', 1);
INSERT INTO `med_conversation` VALUES (20, 1, '公司突然要求我在无任何违纪情况下离职，并...', 2, '2026-03-22 18:05:09', '2026-03-22 18:04:31', '2026-03-22 18:04:31', 0);
INSERT INTO `med_conversation` VALUES (21, 1, '公司突然要求我在无任何违纪情况下离职，并...', 2, '2026-03-22 18:08:53', '2026-03-22 18:08:15', '2026-03-22 18:08:15', 0);

-- ----------------------------
-- Table structure for med_feedback
-- ----------------------------
DROP TABLE IF EXISTS `med_feedback`;
CREATE TABLE `med_feedback`  (
  `id` bigint NOT NULL AUTO_INCREMENT COMMENT '主键ID',
  `message_id` bigint NOT NULL COMMENT '关联消息ID',
  `user_id` bigint NOT NULL COMMENT '评价用户ID',
  `rating` tinyint NOT NULL COMMENT '评分: 1有用 -1无用',
  `comment` varchar(500) CHARACTER SET utf8mb4 COLLATE utf8mb4_unicode_ci NULL DEFAULT NULL COMMENT '补充说明',
  `create_time` datetime NOT NULL DEFAULT CURRENT_TIMESTAMP COMMENT '评价时间',
  PRIMARY KEY (`id`) USING BTREE,
  INDEX `idx_message_id`(`message_id` ASC) USING BTREE,
  INDEX `idx_user_id`(`user_id` ASC) USING BTREE
) ENGINE = InnoDB CHARACTER SET = utf8mb4 COLLATE = utf8mb4_unicode_ci COMMENT = '用户反馈表' ROW_FORMAT = DYNAMIC;

-- ----------------------------
-- Records of med_feedback
-- ----------------------------

-- ----------------------------
-- Table structure for med_knowledge_base
-- ----------------------------
DROP TABLE IF EXISTS `med_knowledge_base`;
CREATE TABLE `med_knowledge_base`  (
  `id` bigint NOT NULL AUTO_INCREMENT COMMENT '主键ID',
  `name` varchar(200) CHARACTER SET utf8mb4 COLLATE utf8mb4_unicode_ci NOT NULL COMMENT '文档名称',
  `description` text CHARACTER SET utf8mb4 COLLATE utf8mb4_unicode_ci NULL COMMENT '文档描述',
  `category` varchar(50) CHARACTER SET utf8mb4 COLLATE utf8mb4_unicode_ci NOT NULL COMMENT '法律领域分类',
  `file_url` varchar(500) CHARACTER SET utf8mb4 COLLATE utf8mb4_unicode_ci NULL DEFAULT NULL COMMENT '原始文件存储路径(MinIO)',
  `file_type` varchar(10) CHARACTER SET utf8mb4 COLLATE utf8mb4_unicode_ci NULL DEFAULT NULL COMMENT '文件类型: pdf/docx/txt',
  `file_size` bigint NULL DEFAULT NULL COMMENT '文件大小(字节)',
  `chunk_count` int NOT NULL DEFAULT 0 COMMENT '切片数量',
  `status` varchar(20) CHARACTER SET utf8mb4 COLLATE utf8mb4_unicode_ci NOT NULL DEFAULT 'uploading' COMMENT '状态: uploading/processing/ready/failed',
  `error_msg` text CHARACTER SET utf8mb4 COLLATE utf8mb4_unicode_ci NULL COMMENT '错误信息',
  `create_time` datetime NOT NULL DEFAULT CURRENT_TIMESTAMP COMMENT '创建时间',
  `update_time` datetime NOT NULL DEFAULT CURRENT_TIMESTAMP ON UPDATE CURRENT_TIMESTAMP COMMENT '更新时间',
  `deleted` tinyint NOT NULL DEFAULT 0 COMMENT '逻辑删除',
  PRIMARY KEY (`id`) USING BTREE,
  INDEX `idx_category`(`category` ASC) USING BTREE,
  INDEX `idx_status`(`status` ASC) USING BTREE
) ENGINE = InnoDB AUTO_INCREMENT = 3 CHARACTER SET = utf8mb4 COLLATE = utf8mb4_unicode_ci COMMENT = '法律知识库文档表' ROW_FORMAT = DYNAMIC;

-- ----------------------------
-- Records of med_knowledge_base
-- ----------------------------
INSERT INTO `med_knowledge_base` VALUES (1, 'LawRAG_真实案例样本集.docx', NULL, 'civil', 'knowledge/0defe28f-84cd-4c34-955f-c9d2f4666de1.docx', 'docx', 44712, 7, 'ready', NULL, '2026-03-21 21:05:06', '2026-03-21 21:05:06', 0);
INSERT INTO `med_knowledge_base` VALUES (2, 'LawRAG_高频法律问题样本.docx', NULL, 'general', 'knowledge/ae3b3a36-baeb-46f9-a048-1dfce812c353.docx', 'docx', 42468, 7, 'ready', NULL, '2026-03-21 21:14:21', '2026-03-21 21:14:21', 0);

-- ----------------------------
-- Table structure for med_message
-- ----------------------------
DROP TABLE IF EXISTS `med_message`;
CREATE TABLE `med_message`  (
  `id` bigint NOT NULL AUTO_INCREMENT COMMENT '主键ID',
  `conversation_id` bigint NOT NULL COMMENT '关联会话ID',
  `role` varchar(20) CHARACTER SET utf8mb4 COLLATE utf8mb4_unicode_ci NOT NULL COMMENT '角色: user/assistant',
  `content` longtext CHARACTER SET utf8mb4 COLLATE utf8mb4_unicode_ci NOT NULL COMMENT '消息内容(支持Markdown)',
  `sources` json NULL COMMENT '引用来源(文档名+章节+页码)',
  `retrieval_log` json NULL COMMENT '检索过程日志(用于可视化)',
  `feedback` tinyint NOT NULL DEFAULT 0 COMMENT '反馈: 1有用 -1无用 0未评',
  `is_fallback` tinyint NOT NULL DEFAULT 0 COMMENT '是否触发兜底回答',
  `tokens_used` int NULL DEFAULT NULL COMMENT 'Token消耗',
  `response_time` int NULL DEFAULT NULL COMMENT '响应时间(毫秒)',
  `create_time` datetime NOT NULL DEFAULT CURRENT_TIMESTAMP COMMENT '创建时间',
  PRIMARY KEY (`id`) USING BTREE,
  INDEX `idx_conversation_id`(`conversation_id` ASC) USING BTREE,
  INDEX `idx_create_time`(`create_time` ASC) USING BTREE
) ENGINE = InnoDB AUTO_INCREMENT = 39 CHARACTER SET = utf8mb4 COLLATE = utf8mb4_unicode_ci COMMENT = '对话消息表' ROW_FORMAT = DYNAMIC;

-- ----------------------------
-- Records of med_message
-- ----------------------------
INSERT INTO `med_message` VALUES (1, 1, 'user', '被公司无故辞退，我有哪些法律权利？', NULL, NULL, 0, 0, NULL, NULL, '2026-03-21 09:55:00');
INSERT INTO `med_message` VALUES (2, 1, 'assistant', '⚠️ 知识库未匹配到相关文献，以下为通用法律知识\n\n根据《劳动合同法》相关规定，**被无故辞退（违法解除劳动合同）**，您享有以下法律权利：\n\n## 一、要求继续履行劳动合同\n- 您可要求用人单位恢复劳动关系，继续履行合同\n- 适用于您仍有意愿继续在该单位工作的情形\n\n## 二、要求支付违法解除赔偿金\n- 赔偿金 = **经济补偿金 × 2倍**\n- 经济补偿金标准：每工作满1年支付1个月工资（不足半年按半年计，超过半年不足1年按1年计）\n- 月工资以劳动合同解除前12个月平均工资为准\n\n## 三、维权途径\n1. **协商调解**：与用人单位直接协商或申请劳动争议调解委员会调解\n2. **劳动仲裁**：向当地劳动争议仲裁委员会申请仲裁（**必经前置程序**，时效为1年）\n3. **诉讼**：对仲裁结果不服可向人民法院起诉\n\n## 四、注意事项\n- 及时收集证据：劳动合同、工资流水、解除通知书、工作记录等\n- 劳动仲裁申请时效为**知道或应当知道权利被侵害之日起1年**\n\n**建议咨询领域：劳动法律师**\n\n---\nℹ️ **说明**：当前知识库中未找到与您问题高度相关的法律文献，以上回答基于通用法律知识，仅供参考。\n**建议咨询专业律师**，以获取针对您具体情况的法律意见。', '[]', '{\"rrfCount\": 0, \"rerankTop\": 0, \"isFallback\": true, \"bm25Results\": 0, \"vectorResults\": 0, \"rewrittenQuery\": \"违法解除劳动合同赔偿金经济补偿金劳动权利\"}', 1, 0, NULL, NULL, '2026-03-21 09:58:00');
INSERT INTO `med_message` VALUES (3, 2, 'user', '离婚时房产应该如何分割？', NULL, NULL, 0, 0, NULL, NULL, '2026-03-21 10:30:00');
INSERT INTO `med_message` VALUES (4, 2, 'assistant', '⚠️ 知识库未匹配到相关文献，以下为通用法律知识\n\n根据《民法典》婚姻家庭编相关规定，**离婚时房产分割**需区分不同情形：\n\n## 一、夫妻共同财产（一般平均分割）\n- **婚后共同购买**的房产，属夫妻共同财产，离婚时一般各得50%\n- 分割方式：一方取得房产所有权并给另一方**折价补偿**，或协商出售后**平分价款**\n\n## 二、个人财产（不参与分割）\n- **婚前个人购买**并登记在一方名下的房产，属个人财产\n- **婚后一方父母全额出资**购买并登记在其子女名下，视为个人财产\n- **婚后一方父母部分出资**购买，该部分出资视为对其子女的个人赠与\n\n## 三、特殊情形处理\n- **一方婚前贷款购房，婚后共同还贷**：房产归产权方所有，但共同还贷部分及增值由法院综合认定后予以补偿\n- **登记在双方名下**：原则上属于共同财产\n- **有子女的情形**：法院可能优先考虑有利于子女成长的分配方式\n\n## 四、维权建议\n1. 尽量协议离婚，自行协商分割方案\n2. 协商不成可诉讼离婚，由法院判决\n3. 提前查询房产登记信息，保存购房合同、还款记录等证据\n\n**建议咨询领域：婚姻家事律师**\n\n---\nℹ️ **说明**：当前知识库中未找到与您问题高度相关的法律文献，以上回答基于通用法律知识，仅供参考。\n**建议咨询专业律师**，以获取针对您具体情况的法律意见。', '[]', '{\"rrfCount\": 0, \"rerankTop\": 0, \"isFallback\": true, \"bm25Results\": 0, \"vectorResults\": 0, \"rewrittenQuery\": \"离婚房产分割夫妻共同财产个人财产认定\"}', 1, 0, NULL, NULL, '2026-03-21 10:35:00');
INSERT INTO `med_message` VALUES (5, 4, 'user', '被公司无故辞退，我有哪些法律权利？', NULL, NULL, 0, 0, NULL, NULL, '2026-03-21 19:11:19');
INSERT INTO `med_message` VALUES (6, 4, 'assistant', '⚠️ 知识库未匹配到相关文献，以下为通用法律知识  \n\n被公司无故辞退（即用人单位无法定理由、未履行法定程序单方解除劳动合同），您依法享有以下主要权利：\n\n1. **主张违法解除赔偿金**  \n   根据《中华人民共和国劳动合同法》第48条、第87条：  \n   - 若劳动关系已实际解除，您可要求公司支付**赔偿金**＝经济补偿金 × 2；  \n   - 经济补偿金按工作年限计算：每满1年支付1个月工资；6个月以上不满1年按1年计；不满6个月支付0.5个月工资；  \n   - 月工资标准为解除前12个月平均工资（含奖金、津贴等货币性收入），高于当地社平工资3倍的，按3倍封顶，且补偿年限最高12年。\n\n2. **请求继续履行劳动合同**（如您希望返岗）  \n   依据《劳动合同法》第48条，您可选择要求公司继续履行合同，并补发违法解除期间的工资及社保待遇。但若劳动合同已不能继续履行（如岗位已撤销、信任关系彻底破裂等），仲裁/法院可能支持赔偿金而非恢复劳动关系。\n\n3. **追索欠付劳动报酬与社保**  \n   - 工资、加班费、未休年休假工资、提成、报销款等应得而未付的款项，可一并主张；  \n   - 公司未依法缴纳社保的，可向当地社保经办机构投诉补缴（注意：社保补缴属行政职责，一般不通过劳动仲裁直接裁决）。\n\n4. **程序性权利保障**  \n   - 公司解除劳动合同须有合法依据（如《劳动合同法》第39、40、41条），并履行通知工会、书面送达等程序；  \n   - 若未通知工会或未听取工会意见（用人单位有工会的情形），可能构成程序违法，亦属违法解除。\n\n✅ 建议行动步骤：  \n- 立即保存证据：劳动合同、工资流水、考勤记录、辞退通知（书面/微信/邮件等）、工作沟通记录、社保缴费凭证等；  \n- 在**离职之日起1年内**向用人单位所在地或劳动合同履行地的**劳动人事争议仲裁委员会**申请劳动仲裁（免费，是诉讼前置程序）；  \n- 如对仲裁裁决不服，可在收到裁决书之日起15日内向人民法院提起诉讼。\n\n📌 特别提示：所谓“无故辞退”需结合具体情形判断（如是否构成严重违纪、是否符合客观情况变化等），表面“无理由”未必等于法律意义上的“违法解除”。个案差异大，强烈建议携带完整证据材料咨询当地执业律师或拨打12348公共法律服务热线获取针对性指导。\n\n---\nℹ️ **说明**：当前知识库中未找到与您问题高度相关的法律文献，以上回答基于通用法律知识，仅供参考。\n**建议咨询专业律师**，以获取针对您具体情况的法律意见。', '[]', '{\"rrfCount\": 0, \"rerankTop\": 0, \"isFallback\": true, \"bm25Results\": 0, \"originalQuery\": \"被公司无故辞退，我有哪些法律权利？\", \"vectorResults\": 0, \"rewrittenQuery\": \"用人单位单方解除劳动合同的法定条件、程序及违法解除的法律后果；劳动者在劳动合同被违法解除情形下的救济途径、赔偿标准与维权程序\"}', 1, 0, NULL, NULL, '2026-03-21 19:11:37');
INSERT INTO `med_message` VALUES (7, 5, 'user', '房东不退押金，我有哪些维权途径？', NULL, NULL, 0, 0, NULL, NULL, '2026-03-21 19:12:19');
INSERT INTO `med_message` VALUES (8, 5, 'assistant', '⚠️ 知识库未匹配到相关文献，以下为通用法律知识  \n\n房东拒不退还押金属于常见的房屋租赁合同纠纷。根据《中华人民共和国民法典》第七百零三条、第七百一十条及第五百零九条等规定，押金性质为担保承租人依约履行合同义务（如按时交租、妥善使用房屋、结清费用、恢复原状等）的金钱担保，**并非预付租金或违约金**。是否应退、退多少，需结合合同约定与实际履约情况综合判断。\n\n您可依法采取以下维权途径（由易到难、由低成本到高成本）：\n\n1. **协商沟通**  \n   - 书面（微信、短信、邮件等）明确要求退还押金，列明依据（如已结清水电燃气费、无结构性损坏、已按约交还钥匙等），保留全部证据（合同、付款凭证、交接记录、照片/视频、沟通记录）。\n\n2. **向人民调解委员会申请调解**  \n   - 可联系物业、社区或街道司法所，免费调解；达成调解协议后可申请司法确认，具有强制执行力。\n\n3. **向当地住房城乡建设部门（住建局/房管局）投诉**  \n   - 部分地区对租赁市场有监管职责，可对违规收取、扣押押金行为进行行政督促（但无直接裁决权）。\n\n4. **申请仲裁（仅限合同中明确约定仲裁条款时）**  \n   - 若租赁合同约定“因本合同引起的争议提交××仲裁委员会仲裁”，可依约申请仲裁（一裁终局，效率较高）。\n\n5. **向人民法院提起诉讼**  \n   - 这是最具强制力的救济方式。  \n     - 诉讼标的额≤各省上年度就业人员年平均工资50%的（通常约2万—3万元），适用**小额诉讼程序**，一审终审、30日内审结；  \n     - 起诉需准备：起诉状、身份证明、租赁合同、押金支付凭证、房屋交接证明、损失/扣款异议证据、催告记录等；  \n     - 可主张：返还押金本金 + 占用期间利息（LPR标准）+ 合理维权费用（如诉讼费、公告费，律师费依合同约定或法院酌定）。\n\n✅ 特别提醒：  \n- 租赁合同是核心依据，请务必核查是否约定押金退还条件、扣减情形、退还时限；  \n- 若房东以“房屋损坏”为由扣款，须举证损害系您造成且超出正常损耗（《民法典》第七百一十一条：“承租人未按照约定的方法或者未根据租赁物的性质使用租赁物，致使租赁物受到损失的，出租人可以解除合同并请求赔偿损失”），自然损耗（如墙面轻微泛黄、地板正常磨损）不得扣费；  \n- 切勿自行撬锁、强占房屋或毁损设施，否则可能反担违约/侵权责任。\n\n建议尽快固定证据，并优先尝试协商或调解；若协商无果且金额较大，及时咨询专业律师或向法院起诉。  \n（注：具体操作请结合所在地地方性法规及司法实践，如《北京市住房租赁条例》《上海市房屋租赁条例》等可能有细化规定。）\n\n如需，我可协助您起草《押金退还催告函》或《民事起诉状》模板。\n\n---\nℹ️ **说明**：当前知识库中未找到与您问题高度相关的法律文献，以上回答基于通用法律知识，仅供参考。\n**建议咨询专业律师**，以获取针对您具体情况的法律意见。', '[]', '{\"rrfCount\": 0, \"rerankTop\": 0, \"isFallback\": true, \"bm25Results\": 0, \"originalQuery\": \"房东不退押金，我有哪些维权途径？\", \"vectorResults\": 0, \"rewrittenQuery\": \"房屋租赁合同履行完毕后出租人拒不返还租赁保证金的法律救济途径\"}', 0, 0, NULL, NULL, '2026-03-21 19:12:37');
INSERT INTO `med_message` VALUES (9, 6, 'user', '离婚时房产应该如何分割？', NULL, NULL, 0, 0, NULL, NULL, '2026-03-21 19:14:08');
INSERT INTO `med_message` VALUES (10, 6, 'assistant', '⚠️ 知识库未匹配到相关文献，以下为通用法律知识  \n\n离婚时房产的分割需结合产权取得时间、出资情况、登记状态及是否存在特别约定等因素，依据《中华人民共和国民法典》第1062条（夫妻共同财产）、第1063条（个人财产）及第1087条（离婚时财产分割原则）综合判断。常见情形包括：\n\n1. **婚内购买、登记在一方或双方名下**：原则上属于夫妻共同财产，离婚时一般均等分割；但若一方能证明全部购房款来源于其个人财产（如婚前存款全额支付且资金流向清晰），可主张为个人财产。\n\n2. **婚前一方全款购房、登记在出资方名下**：属个人财产，不参与分割；若婚后加名，视为赠与，通常转化为共同财产，可协商或按出资及贡献比例分割。\n\n3. **婚前首付+婚后共同还贷**：房产一般认定为登记方个人财产，但婚后共同还贷及对应增值部分属于共同财产，另一方有权就还贷本息及增值部分享有补偿（计算公式参见最高人民法院关于适用《民法典》婚姻家庭编的解释（一）第78条）。\n\n4. **父母出资购房**：  \n　- 婚前出资：明确表示赠与一方的，属该方个人财产；未明确的，实践中多推定为对子女一方的赠与。  \n　- 婚后出资：无明确约定的，一般视为对夫妻双方的赠与（《民法典婚姻家庭编解释（一）》第29条）；若签署书面赠与协议或转账备注“赠与儿子/女儿个人”，可主张为个人财产。\n\n5. **农村宅基地房、小产权房、尚未取得产权证的预售房**：因权属受限，法院通常不予分割所有权，仅处理居住使用权、合同权益或另案处理。\n\n✅ 重要提示：  \n- 夫妻可自行签订书面《婚内财产协议》或《离婚协议》约定房产归属，该约定优先于法定分割规则；  \n- 涉及贷款未结清、产权受限、共有权人（如父母）等情况，分割可能受行政限制或需第三方同意；  \n- 实务中证据（如付款凭证、银行流水、聊天记录、公证文书等）对认定出资性质和真实意思至关重要。\n\n建议：房产分割常涉及复杂事实认定与证据组织，强烈建议咨询专业婚姻家事律师，结合具体材料制定维权策略。\n\n---\nℹ️ **说明**：当前知识库中未找到与您问题高度相关的法律文献，以上回答基于通用法律知识，仅供参考。\n**建议咨询专业律师**，以获取针对您具体情况的法律意见。', '[]', '{\"rrfCount\": 0, \"rerankTop\": 0, \"isFallback\": true, \"bm25Results\": 0, \"originalQuery\": \"离婚时房产应该如何分割？\", \"vectorResults\": 0, \"rewrittenQuery\": \"离婚财产分割中不动产（特别是登记在一方或双方名下的房屋）的权属认定与分割规则\"}', 0, 0, NULL, NULL, '2026-03-21 19:14:22');
INSERT INTO `med_message` VALUES (11, 7, 'user', '被公司无故辞退，我有哪些法律权利？', NULL, NULL, 0, 0, NULL, NULL, '2026-03-21 19:19:23');
INSERT INTO `med_message` VALUES (12, 7, 'assistant', '⚠️ 知识库未匹配到相关文献，以下为通用法律知识  \n\n被公司无故辞退（即用人单位无法定理由、未履行法定程序单方解除劳动合同），您依法享有以下主要权利：\n\n1. **主张违法解除赔偿金**  \n   根据《中华人民共和国劳动合同法》第48条、第87条：  \n   - 若劳动关系已实际解除，您可要求公司支付**赔偿金**＝经济补偿金 × 2；  \n   - 经济补偿金按工作年限计算：每满1年支付1个月工资；6个月以上不满1年按1年计；不满6个月支付0.5个月工资；  \n   - 月工资标准为解除前12个月平均工资（含奖金、津贴等货币性收入），高于当地社平工资3倍的，按3倍封顶，且补偿年限最高12年。\n\n2. **请求继续履行劳动合同**（如您希望返岗）  \n   依据《劳动合同法》第48条，您可选择要求公司继续履行合同，并补发违法解除期间的工资及社保待遇。但若劳动合同已不能继续履行（如岗位已撤销、信任关系破裂等），仲裁/法院可能支持赔偿金而非恢复劳动关系。\n\n3. **追索欠付劳动报酬与社保**  \n   - 包括被辞退当月工资、加班费、未休年休假工资、提成/绩效等应得而未付的款项；  \n   - 公司未依法缴纳社保的，可向当地社保经办机构投诉补缴（注意：社保补缴一般不通过劳动仲裁，而由行政途径处理）。\n\n4. **维权途径及时效**  \n   - 可向用人单位所在地或劳动合同履行地的**劳动人事争议仲裁委员会**申请劳动仲裁（免费，是诉讼前置程序）；  \n   - 仲裁时效为**知道或应当知道权利被侵害之日起1年内**（例如：收到《解除通知书》之日或实际离职日起算）；  \n   - 对仲裁裁决不服的，可在15日内向人民法院起诉。\n\n✅ 建议立即收集并保存证据：  \n- 劳动合同、工资条/银行流水、考勤记录、工作沟通记录（微信、邮件等）、解除通知（书面或录音）、社保缴费记录等。\n\n⚠️ 特别提示：所谓“无故辞退”需结合具体情形判断——如公司以“严重违纪”“不胜任工作”等理由解除，但无制度依据、未培训/调岗、未充分举证，也可能被认定为违法解除。\n\n由于个案差异大（如试用期、高管身份、地方裁审口径等），强烈建议尽快咨询当地专业劳动法律师或拨打12348公共法律服务热线获取针对性指导。\n\n---\nℹ️ **说明**：当前知识库中未找到与您问题高度相关的法律文献，以上回答基于通用法律知识，仅供参考。\n**建议咨询专业律师**，以获取针对您具体情况的法律意见。', '[]', '{\"rrfCount\": 0, \"rerankTop\": 0, \"isFallback\": true, \"bm25Results\": 0, \"originalQuery\": \"被公司无故辞退，我有哪些法律权利？\", \"vectorResults\": 0, \"rewrittenQuery\": \"用人单位单方解除劳动合同的法定条件、程序及违法解除的法律后果；劳动者在劳动合同被违法解除情形下的救济途径、赔偿标准与维权程序\"}', 0, 0, NULL, NULL, '2026-03-21 19:19:40');
INSERT INTO `med_message` VALUES (13, 8, 'user', '房东不退押金，我有哪些维权途径？', NULL, NULL, 0, 0, NULL, NULL, '2026-03-21 19:52:33');
INSERT INTO `med_message` VALUES (14, 8, 'assistant', '⚠️ 知识库未匹配到相关文献，以下为通用法律知识  \n\n房东拒不退还押金属于常见的房屋租赁合同纠纷。根据《中华人民共和国民法典》第七百零三条、第七百一十条及第五百零九条等规定，押金性质为担保承租人依约履行合同义务（如按时交租、妥善使用房屋、结清费用、恢复原状等）的金钱担保，**并非预付租金或违约金**。是否应退、退多少，需结合合同约定与实际履约情况综合判断。\n\n您可依法采取以下维权途径（由易到难、由低成本到高成本）：\n\n1. **友好协商**  \n   - 保留微信/短信/邮件等沟通记录；  \n   - 明确要求房东说明不退理由（如主张房屋损坏、欠费等），并要求其提供证据（如维修发票、缴费单据、交接时的视频照片等）；  \n   - 若其理由不成立或证据不足，可指出其行为已构成违约。\n\n2. **向人民调解委员会申请调解**  \n   - 可联系居住地或房屋所在地的街道/社区人民调解委员会（免费、快捷、具法律效力）；  \n   - 达成调解协议后，可共同向法院申请司法确认，赋予强制执行力。\n\n3. **向当地住房城乡建设部门（住建局/房管局）投诉**  \n   - 部分地区已将租赁押金监管纳入行政管理范围（如北京、深圳等地有租赁资金监管规定）；  \n   - 可拨打12345政务服务便民热线或登录地方住建官网提交投诉，请求行政协调。\n\n4. **申请仲裁（如合同中有有效仲裁条款）**  \n   - 若租赁合同明确约定“因本合同引起的争议提交××仲裁委员会仲裁”，且条款合法有效，则应向约定仲裁机构申请仲裁（一裁终局，但费用和周期通常高于诉讼）。\n\n5. **向人民法院提起民事诉讼**  \n   - **管辖法院**：房屋所在地（不动产所在地）基层人民法院（即“专属管辖”）；  \n   - **诉讼请求**：可主张返还押金本金 + 占用期间利息（LPR标准）+ 合理维权费用（如诉讼费、必要交通费等）；  \n   - **关键证据**：  \n     ✓ 租赁合同（尤其押金条款、退租条件、违约责任）；  \n     ✓ 押金支付凭证（转账记录、收条等）；  \n     ✓ 退租交接记录（双方签字的《房屋交接确认书》、现场视频/照片、第三方见证等）；  \n     ✓ 水电燃气等费用结清凭证；  \n     ✓ 与房东就押金退还的全部沟通记录；  \n     ✓ 如有房屋损坏争议，可申请法院委托鉴定或提供维修前后的对比证据。\n\n✅ 温馨提示：  \n- 租赁关系终止后，房东应在合理期限内（通常7–15日，合同有约定从约定）完成验房并退还押金；无正当理由逾期不退，可能构成违约甚至恶意占有；  \n- 若房东以“墙面轻微污渍”“正常磨损”等理由扣款，一般不予支持（《民法典》第七百一十条：承租人按约定方法或根据租赁物性质使用，造成损耗的，不承担赔偿责任）；  \n- 切勿采取换锁、强占房屋、破坏设施等过激行为，否则可能反担法律责任。\n\n建议尽快固定证据，并视情况咨询当地执业律师或拨打12348公共法律服务热线获取免费专业指导。\n\n---\nℹ️ **说明**：当前知识库中未找到与您问题高度相关的法律文献，以上回答基于通用法律知识，仅供参考。\n**建议咨询专业律师**，以获取针对您具体情况的法律意见。', '[]', '{\"rrfCount\": 0, \"rerankTop\": 0, \"isFallback\": true, \"bm25Results\": 0, \"originalQuery\": \"房东不退押金，我有哪些维权途径？\", \"vectorResults\": 0, \"rewrittenQuery\": \"房屋租赁合同履行完毕后出租人拒不返还租赁保证金的法律救济途径\"}', 0, 0, NULL, NULL, '2026-03-21 19:52:52');
INSERT INTO `med_message` VALUES (15, 9, 'user', '被公司无故辞退，我有哪些法律权利？', NULL, NULL, 0, 0, NULL, NULL, '2026-03-21 20:17:00');
INSERT INTO `med_message` VALUES (16, 9, 'assistant', '⚠️ 知识库未匹配到相关文献，以下为通用法律知识  \n\n若您被公司“无故辞退”（即用人单位未依据《中华人民共和国劳动合同法》规定的法定事由和程序单方解除劳动合同），您依法享有以下主要权利：\n\n1. **主张违法解除赔偿金**  \n   根据《劳动合同法》第48条、第87条：用人单位违法解除劳动合同的，劳动者有权要求继续履行合同；如不愿继续履行或劳动合同已不能继续履行，可主张**赔偿金**——标准为经济补偿金的**2倍**。  \n   ✅ 经济补偿金计算：按工作年限，每满1年支付1个月工资；6个月以上不满1年按1年计；不满6个月支付0.5个月工资（月工资指解除前12个月平均应得工资，含奖金、津贴等，但不超过当地社平工资3倍）。\n\n2. **获得书面解除通知及理由说明**  \n   公司单方解除必须出具书面通知，并载明解除依据（如《劳动合同法》第39、40、41条所列情形）。若未说明理由或理由不成立，即构成违法解除。\n\n3. **追索拖欠劳动报酬、加班费、未休年假工资等**  \n   辞退不影响您主张在职期间未结清的合法劳动权益（如工资、绩效、加班费、未休年假折算工资等），可一并主张。\n\n4. **要求出具离职证明**  \n   依据《劳动合同法》第50条，用人单位应在解除劳动合同时出具**离职证明**（写明劳动合同期限、解除日期、工作岗位、在本单位工作年限），不得以任何理由拒开或添加不实内容。\n\n5. **申请劳动仲裁是法定前置程序**  \n   如协商不成，须在**劳动关系终止之日起1年内**向用人单位所在地或劳动合同履行地的**劳动人事争议仲裁委员会**申请仲裁（免费，不收费）。对仲裁裁决不服的，可自收到裁决书之日起15日内向人民法院起诉。\n\n📌 重要提示：  \n- “无故辞退”需结合证据判断（如无书面通知、无正当理由、未履行民主程序、未提前通知/支付代通知金等）；  \n- 公司以“试用期不符合录用条件”“严重违纪”等为由解除的，须承担举证责任；  \n- 建议及时收集并保存证据：劳动合同、工资条/银行流水、考勤记录、微信/邮件沟通记录、辞退录音/书面通知等。\n\n✅ 强烈建议：此类案件高度依赖证据与程序细节，为切实保障权益，请尽快咨询当地劳动法律援助中心（12348热线）或委托专业劳动法律师介入处理。\n\n（注：以上依据《中华人民共和国劳动合同法》《劳动争议调解仲裁法》《最高人民法院关于审理劳动争议案件适用法律问题的解释（一）》等现行有效规定）\n\n---\nℹ️ **说明**：当前知识库中未找到与您问题高度相关的法律文献，以上回答基于通用法律知识，仅供参考。\n**建议咨询专业律师**，以获取针对您具体情况的法律意见。', '[]', '{\"rrfCount\": 0, \"rerankTop\": 0, \"isFallback\": true, \"bm25Results\": 0, \"originalQuery\": \"被公司无故辞退，我有哪些法律权利？\", \"vectorResults\": 0, \"rewrittenQuery\": \"用人单位单方解除劳动合同的法定条件、程序及违法解除的法律后果；劳动者在劳动合同被违法解除情形下的救济途径、赔偿标准与维权程序\"}', 0, 0, NULL, NULL, '2026-03-21 20:17:18');
INSERT INTO `med_message` VALUES (17, 10, 'user', '遭遇网络诈骗，如何维权追回损失？', NULL, NULL, 0, 0, NULL, NULL, '2026-03-21 20:18:08');
INSERT INTO `med_message` VALUES (18, 10, 'assistant', '⚠️ 知识库未匹配到相关文献，以下为通用法律知识  \n\n遭遇网络诈骗后，维权追回损失需及时、依法、多途径协同推进，关键步骤如下：\n\n✅ 一、立即采取紧急措施  \n- **停止一切资金往来**：冻结涉案银行卡、支付账户（如微信、支付宝），可通过官方客服或银行电话银行申请临时止付；  \n- **保存完整证据**：包括聊天记录、转账凭证（含时间、金额、对方账号/户名）、网址链接、APP截图、通话录音、诈骗话术文本等，务必勿删除原始数据（建议导出备份）；  \n- **报警报案**：  \n  ▪ 拨打110或前往就近公安机关报案；  \n  ▪ 优先通过“国家网信办违法和不良信息举报中心”（[www.12377.cn](https://www.12377.cn)）或“公安部网络违法犯罪举报网站”（[www.110.cn](https://www.110.cn)）在线报案；  \n  ▪ 明确要求出具《受案回执》《立案通知书》（若达立案标准，公安机关应于7日内决定是否立案）。\n\n✅ 二、配合司法程序，争取资金拦截与追偿  \n- 若资金尚未转移出境且在48小时内报案，公安机关可启动“电信网络诈骗资金紧急止付”机制，通过“公安部电信诈骗案件侦办平台”协调银行冻结涉案账户；  \n- 立案后，积极配合侦查，提供线索；结案后如查实赃款，可依法申请发还（依据《公安机关办理刑事案件程序规定》第234条）；  \n- 若涉第三方平台（如虚假投资平台、钓鱼网站），可同步向市场监管、网信、金融监管等部门投诉（如银保监会12378、证监会12386）。\n\n✅ 三、民事救济补充（视情况）  \n- 若因平台未尽审核义务（如未实名认证、放任诈骗账号注册），可依《民法典》第1195–1197条主张网络服务提供者承担相应责任；  \n- 注意诉讼时效：一般为3年，自知道或应当知道权利受损及义务人之日起算，但刑事立案后时效中止。\n\n❗重要提醒：  \n- **切勿轻信“黑客追款”“内部渠道退款”等二次诈骗话术；**  \n- **所有维权均应通过正规执法、司法渠道，不支付任何“手续费”“保证金”；**  \n- 各地反诈中心已开通专线（如北京96110、上海962110），建议第一时间拨打属地反诈专线获取专业指导。\n\n📌 建议：因个案差异大（如资金流向、管辖权、证据完整性等），强烈建议尽快委托熟悉电信网络犯罪的律师介入，协助报案、调证、刑事附带民事诉讼或另行提起民事诉讼。\n\n如需，我可为您：  \n🔹 提供报案材料清单模板（含书面报案陈述要点）；  \n🔹 协助起草向平台/监管部门的正式投诉函；  \n🔹 解析常见诈骗类型（刷单、冒充公检法、虚假理财等）对应的取证重点。  \n请随时告知。\n\n---\nℹ️ **说明**：当前知识库中未找到与您问题高度相关的法律文献，以上回答基于通用法律知识，仅供参考。\n**建议咨询专业律师**，以获取针对您具体情况的法律意见。', '[]', '{\"rrfCount\": 0, \"rerankTop\": 0, \"isFallback\": true, \"bm25Results\": 0, \"originalQuery\": \"遭遇网络诈骗，如何维权追回损失？\", \"vectorResults\": 0, \"rewrittenQuery\": \"网络诈骗案件受害人维权途径及被骗资金追回机制\"}', 0, 0, NULL, NULL, '2026-03-21 20:18:25');
INSERT INTO `med_message` VALUES (19, 11, 'user', '被公司无故辞退，我有哪些法律权利？', NULL, NULL, 0, 0, NULL, NULL, '2026-03-21 21:14:33');
INSERT INTO `med_message` VALUES (20, 12, 'user', '离婚时房产应该如何分割？', NULL, NULL, 0, 0, NULL, NULL, '2026-03-21 21:15:37');
INSERT INTO `med_message` VALUES (21, 13, 'user', '房东不退押金，我有哪些维权途径？', NULL, NULL, 0, 0, NULL, NULL, '2026-03-21 21:20:18');
INSERT INTO `med_message` VALUES (22, 13, 'assistant', '# 房东不退押金的维权途径与法律救济\n\n根据《中华人民共和国民法典》及相关司法实践，租赁合同关系终止后，押金返还属于法定附随义务。若您已依约履行腾房、结清费用、无损坏赔偿责任等义务，房东拒不退还押金即构成违约，您依法享有明确的多项维权路径。\n\n---\n\n## 一、您可以主张的法定权利\n\n- **请求返还押金本金**  \n  依据《民法典》第509条（全面履行原则）及第566条（合同解除后果），租赁合同终止后，承租人完成房屋返还、费用结清、无违约情形的，出租人应**及时返还押金**。\n\n- **主张逾期返还的利息损失**  \n  根据《最高人民法院关于审理买卖合同纠纷案件适用法律问题的解释》第18条类推适用精神，以及《民法典》第584条（违约损失赔偿范围），可主张自应退之日（如合同约定的验房后X日内）起，按**同期全国银行间同业拆借中心公布的贷款市场报价利率（LPR）** 计算的资金占用损失。\n\n- **依约主张违约金（如有约定）**  \n  若租赁合同中明确约定了押金逾期返还的违约金条款，且该约定未显失公平（一般不超过实际损失的30%），可依《民法典》第585条主张；若约定过高，法院可依当事人请求予以调减。\n\n> ✅ **特别提示**：房东单方以“房屋有损”“卫生不洁”等理由扣减押金的，须承担举证责任——须提供**维修票据、第三方评估报告、对比性照片/视频等证据**，仅凭口头主张或模糊描述不能成立（参见参考文献1中“房东主张扣押金应说明依据并提供相应证据”）。\n\n---\n\n## 二、推荐维权步骤（由缓到急、成本由低到高）\n\n1. **自查合同与履约情况**  \n   - 重点核查：押金金额、退还条件、验房流程、水电结算方式、违约责任条款；\n   - 确认自身是否已完成：腾空房屋、交还钥匙、结清水电燃气物业费、恢复原状（非自然损耗）。\n\n2. **书面催告（关键一步）**  \n   - 通过微信/短信/邮件/纸质函件等方式，**明确要求退还押金、列明退还期限（建议7–15日）**，并保留发送及对方已读/签收凭证；\n   - 示例措辞：“本人已于X月X日完成房屋交接（附交接清单/视频链接），水电费已结清（附缴费截图），现依据《房屋租赁合同》第X条，正式要求贵方于X月X日前将押金人民币XXX元全额退还至指定账户。”\n\n3. **申请基层调解**  \n   - 向房屋所在地的**街道人民调解委员会**或**区/县消费者权益保护委员会（消保委）** 提出调解申请（免费、快捷、具执行力）；\n   - 调解成功可制作《人民调解协议书》，经司法确认后具有强制执行力（《人民调解法》第33条）。\n\n4. **向住建部门投诉**  \n   - 各地住建局（房管局）对住房租赁市场负有监管职责，可通过12345市民热线或地方住建官网平台实名投诉，要求行政督促退还。\n\n5. **提起民事诉讼（最终保障）**  \n   - **管辖法院**：房屋所在地（不动产所在地）基层人民法院（《民事诉讼法》第27条）；\n   - **诉讼请求建议**：判令被告返还押金XXX元，并支付自X年X月X日起至实际付清之日止按LPR计算的利息；\n   - **诉讼时效**：3年，自您知道或应当知道权利受损之日起算（《民法典》第188条）。\n\n---\n\n## 三、核心证据清单（缺一不可）\n\n| 证据类型         | 具体内容说明                                                                 |\n|------------------|----------------------------------------------------------------------------|\n| **基础合同类**   | 签署的《房屋租赁合同》原件/扫描件；补充协议；押金收据或银行/支付宝/微信转账凭证（注明“租房押金”） |\n| **履约证明类**   | 退租时双方签字的《房屋交接清单》；验房视频（含时间戳、全景+细节）；钥匙/门禁卡交接记录         |\n| **费用结清类**   | 水、电、燃气、物业费最后缴费凭证（显示余额为零或结清）；缴费账号截图（体现户号与房屋地址一致）     |\n| **沟通记录类**   | 与房东协商退还押金的全部微信/短信/邮件记录（含催告函及送达证明）                              |\n| **损失佐证类**   | 若房东提出扣款，需其提供维修发票、报价单、前后对比照片等；您可同步提供入住时房屋状态视频作为反证 |\n\n> ⚠️ **重要提醒**：未进行书面验房或未留存视频证据的，建议立即补做“单方验房录像”（手持身份证+当日报纸/手机日期界面入镜，逐屋拍摄现状并口述时间、地址、房屋状态），虽证明力弱于双方确认，但仍可作为辅助证据。\n\n---\n\n## 四、司法实践支持（典型案例印证）\n\n参考最高人民法院发布的贯彻实施民法典典型案例（参考文献4），在类似租赁押金纠纷中，法院普遍坚持“**谁主张、谁举证**”原则：  \n> “出租人以承租人造成房屋损害为由拒退押金的，应就损害事实、因果关系及损失金额承担举证责任；举证不能的，应全额返还押金。”  \n\n该立场已在多地法院判决中反复确认（如(2022)京0105民初XXXXX号、(2023)沪0115民初XXXXX号等）。\n\n---\n\n**参考来源**：《LawRAG_高频法律问题样本.docx》第5条（房东不退押金、租房押金、租赁合同、返还押金、验房、转账记录）  \n\n**建议咨询领域：房地产与合同法律师**（尤其熟悉本地住房租赁监管政策及小额诉讼程序）', '[{\"name\": \"LawRAG_高频法律问题样本.docx\", \"index\": 1, \"score\": 0.6744607, \"chapter\": \"\", \"content\": \"5. 问题：房东不退押金，我有哪些维权途径？\\n适用法律：《中华人民共和国民法典》关于租赁合同、违约责任、押金返还、房屋交付和损失赔偿的一般规则。\\n你可以主张的权利：\\n在租赁合同到期或者依法解除后，如你...\", \"pageNumber\": 0}, {\"name\": \"LawRAG_高频法律问题样本.docx\", \"index\": 2, \"score\": 0.40954238, \"chapter\": \"\", \"content\": \"3. 问题：签了合同对方不履行，我该怎么办？\\n适用法律：《中华人民共和国民法典》合同编关于全面履行、违约责任、继续履行、采取补救措施、赔偿损失、违约金、解除合同等规定。\\n你可以主张的权利：\\n对方不履行...\", \"pageNumber\": 0}, {\"name\": \"LawRAG_高频法律问题样本.docx\", \"index\": 3, \"score\": 0.36576554, \"chapter\": \"\", \"content\": \"法院起诉。\\n证据要点：重点保留能够证明劳动关系、解除事实、工资标准、工作年限和公司解除理由的材料。\\n检索关键词：无故辞退、违法解除、劳动仲裁、赔偿金、经济补偿、解除劳动合同证明\\n可用于RAG的典型检索...\", \"pageNumber\": 0}, {\"name\": \"LawRAG_真实案例样本集.docx\", \"index\": 4, \"score\": 0.26974875, \"chapter\": \"\", \"content\": \"贯彻实施民法典典型案例\\n公开来源：最高人民法院官网《学法典读案例答问题——守护您“头顶上的安全”》\\n基本案情：2019年5月26日，庾某娴在小区花园散步时，黄某辉家小孩从35楼阳台抛下一瓶矿泉水。水瓶...\", \"pageNumber\": 0}, {\"name\": \"LawRAG_高频法律问题样本.docx\", \"index\": 5, \"score\": 0.2649687, \"chapter\": \"\", \"content\": \"：离婚房产分割、婚前房产、婚后加名、共同还贷、父母出资购房、折价补偿\\n可用于RAG的典型检索问法：\\n离婚时房产应该如何分割？\\n遇到这种情况可以主张什么权利？\\n处理这类纠纷需要准备哪些证据？...\", \"pageNumber\": 0}]', '{\"rrfCount\": 14, \"rerankTop\": 5, \"isFallback\": false, \"bm25Results\": 0, \"originalQuery\": \"房东不退押金，我有哪些维权途径？\", \"vectorResults\": 14, \"rewrittenQuery\": \"房屋租赁合同履行完毕后出租人拒不返还租赁保证金的法律救济途径\"}', 1, 0, NULL, NULL, '2026-03-21 21:20:52');
INSERT INTO `med_message` VALUES (23, 14, 'user', '离婚时房产应该如何分割？', NULL, NULL, 0, 0, NULL, NULL, '2026-03-22 14:44:33');
INSERT INTO `med_message` VALUES (24, 14, 'assistant', '# 离婚时房产分割的法律规则与实务要点\n\n根据《中华人民共和国民法典》及最高人民法院相关司法解释、典型案例，离婚时房产分割并非“一刀切”平均分配，而是以**财产性质认定为前提、以公平原则为尺度、以证据支撑为依据**进行综合判断。以下是核心规则与操作指引：\n\n---\n\n## 一、房产性质认定：区分个人财产与夫妻共同财产\n\n### ✅ 属于夫妻共同财产的情形（原则上均等分割，但非绝对平均）\n- 婚后用**夫妻共同财产**购买、受赠或继承的房产（无论登记在一方或双方名下）；  \n- 婚前一方购房，**婚后加名**（如案例6：崔某某与陈某某案），视为对配偶的赠与，房屋转为夫妻共同财产；  \n- 婚前一方支付首付款、婚后以**夫妻共同财产还贷**的房产，**房屋本身仍属登记方个人财产**，但**共同还贷部分及其对应增值**属于共同财产（《民法典》第1062条、《最高人民法院关于适用〈中华人民共和国民法典〉婚姻家庭编的解释（一）》第78条）。\n\n### ❌ 属于个人财产的情形（原则上不分割，但可能需补偿）\n- 婚前全款购买、登记在出资方一人名下，且**无婚后共同还贷、无加名、无混同出资**；  \n- 婚前由一方父母全额出资、登记在子女一人名下（视为对子女的单独赠与，依据《婚姻家庭编解释（一）》第29条第1款）；  \n- 婚后由一方父母**明确表示仅赠与自己子女**、并有书面约定或转账备注佐证的出资（《婚姻家庭编解释（一）》第29条第2款）。\n\n> ⚠️ 注意：“明确表示”是关键——若无书面协议或清晰意思表示，司法实践中常推定为对夫妻双方的赠与（参考文献1、4）。\n\n---\n\n## 二、常见情形下的分割规则与补偿计算思路\n\n| 情形 | 法律定性 | 分割/补偿原则 | 典型案例支持 |\n|--------|-----------|----------------|----------------|\n| **婚前购房 + 婚后加名** | 转为夫妻共同财产 | **不当然50%分割**；法院综合婚姻存续时间、家庭贡献、出资来源、照顾子女/女方权益等因素**酌定补偿**（如判归原房主所有，补偿另一方30%–40%） | 案例6（崔某某案）：600万元房产，补偿120万元（20%） |\n| **婚前首付 + 婚后共同还贷** | 房屋归登记方，还贷及增值部分为共有 | 补偿额 = （共同还贷本息 ÷ 总购房成本）× 房屋现值 × 50% | 《婚姻家庭编解释（一）》第78条 |\n| **父母出资购房（婚后）** | 有约定从约定；无约定推定为赠与双方 | 若登记在夫妻双方名下，即使出资方为一方父母，也倾向认定为对双方赠与 | 《婚姻家庭编解释（一）》第29条第2款 |\n| **按揭房未还清贷款** | 房屋归属与债务承担应一并处理 | 取得房屋一方须承担剩余贷款，或向对方折价补偿其应得份额对应的贷款债务 | 参考文献1“处理步骤” |\n\n---\n\n## 三、关键证据清单（缺一不可）\n\n为准确主张权利，务必提前收集并固定以下证据：\n- 📄 **权属证据**：不动产权证书、不动产登记簿查询结果；  \n- 📄 **出资证据**：购房合同、首付款支付凭证（银行流水、POS单）、贷款合同、**婚前/婚后还贷明细**（区分资金来源）；  \n- 📄 **父母出资证明**：转账记录（附备注“购房赠与”）、书面赠与协议、家庭会议录音/微信记录；  \n- 📄 **加名证据**：不动产转移登记申请书、结婚证、加名时的书面说明（如有）；  \n- 📄 **价值证据**：双方认可的市场估值、专业评估报告（诉讼中可申请法院委托评估）。\n\n> 🔍 提示：仅有口头陈述或模糊聊天记录，难以被法院采信（参考文献1“证据要点”）。\n\n---\n\n## 四、实务建议：优先协商，理性维权\n\n1. **先协商，再诉讼**：通过调解、律师见证协议等方式明确房屋归属、补偿金额、过户时限、违约责任，成本低、效率高；  \n2. **避免激化矛盾**：尤其涉及唯一住房、子女抚养权时，可约定“一方居住至子女成年”等柔性方案；  \n3. **警惕“假离婚”风险**：以规避限购、债务等目的办理离婚并约定房产归属的，可能被认定为通谋虚伪表示而无效（参考文献4案例7警示）；  \n4. **及时保全证据**：发现对方转移、隐匿房产或伪造债务迹象，可向法院申请财产保全或调查令。\n\n---\n\n**参考来源**：  \n- 《中华人民共和国民法典》第1062条、第1063条  \n- 《最高人民法院关于适用〈中华人民共和国民法典〉婚姻家庭编的解释（一）》第29条、第78条  \n- 《LawRAG_高频法律问题样本.docx》（离婚房产分割、婚前房产、婚后加名、共同还贷、父母出资购房、折价补偿）  \n- 《LawRAG_真实案例样本集.docx》案例6（崔某某与陈某某离婚纠纷案）、案例4（婚前房产、婚后加名、夫妻共同财产、离婚分割、合理补偿）\n\n**建议咨询领域：婚姻家事律师**（特别关注房产所在地不动产登记政策及地方高院审理口径，如北京、上海、深圳等地对“加名补偿比例”存在区域性裁量惯例）', '[{\"name\": \"LawRAG_高频法律问题样本.docx\", \"index\": 1, \"score\": 0.60648715, \"chapter\": \"\", \"content\": \"2. 问题：离婚时房产应该如何分割？\\n适用法律：《中华人民共和国民法典》婚姻家庭编及相关司法解释，重点涉及夫妻共同财产、个人财产、父母出资购房、婚前房产婚后加名、按揭房分割等规则。\\n你可以主张的权利：...\", \"pageNumber\": 0}, {\"name\": \"LawRAG_真实案例样本集.docx\", \"index\": 2, \"score\": 0.4844222, \"chapter\": \"\", \"content\": \"。\\n争议焦点：平台企业要求劳动者注册为个体工商户并签订承揽、合作协议后，是否当然排除劳动关系成立。\\n裁判要点：人民法院认定，判断是否存在劳动关系，不能仅看合同名称，而应结合实际履行情况，综合考察人格从...\", \"pageNumber\": 0}, {\"name\": \"LawRAG_高频法律问题样本.docx\", \"index\": 3, \"score\": 0.412637, \"chapter\": \"\", \"content\": \"：离婚房产分割、婚前房产、婚后加名、共同还贷、父母出资购房、折价补偿\\n可用于RAG的典型检索问法：\\n离婚时房产应该如何分割？\\n遇到这种情况可以主张什么权利？\\n处理这类纠纷需要准备哪些证据？...\", \"pageNumber\": 0}, {\"name\": \"LawRAG_真实案例样本集.docx\", \"index\": 4, \"score\": 0.37187052, \"chapter\": \"\", \"content\": \"财产、婚姻存续时间、家庭贡献、资金往来等因素，最终判决房屋归给予方所有，并酌定补偿对方120万元。\\n检索关键词与适用方向：关键词：婚前房产、婚后加名、夫妻共同财产、离婚分割、合理补偿。\\n适合RAG检索...\", \"pageNumber\": 0}, {\"name\": \"LawRAG_真实案例样本集.docx\", \"index\": 5, \"score\": 0.1125126, \"chapter\": \"\", \"content\": \"法律RAG检索案例样本集\\n案例1：荣宝英诉王阳、永诚财产保险股份有限公司江苏分公司机动车交通事故责任纠纷案\\n案件类型：民事 / 交通事故责任纠纷 / 指导案例24号\\n公开来源：最高人民法院官网《指导案...\", \"pageNumber\": 0}]', '{\"rrfCount\": 14, \"rerankTop\": 5, \"isFallback\": false, \"bm25Results\": 0, \"originalQuery\": \"离婚时房产应该如何分割？\", \"vectorResults\": 14, \"rewrittenQuery\": \"离婚财产分割中不动产（特别是登记在一方或双方名下的房屋）的权属认定与分割规则\"}', 0, 0, NULL, NULL, '2026-03-22 14:45:08');
INSERT INTO `med_message` VALUES (25, 15, 'user', '被公司无故辞退，我有哪些法律权利？', NULL, NULL, 0, 0, NULL, NULL, '2026-03-22 16:55:51');
INSERT INTO `med_message` VALUES (26, 15, 'assistant', '# 被公司无故辞退，您有哪些法律权利？（北京市劳动纠纷专项解答）\n\n根据您提供的法律档案（当事人身份、案情为“被公司以末位淘汰为由辞退，未支付任何赔偿”），结合《中华人民共和国劳动合同法》及最高人民法院相关裁判规则，现就您的权利作如下专业分析：\n\n---\n\n## 一、核心法律定性：**“末位淘汰”不构成合法解除理由，属于违法解除**\n\n- **《劳动合同法》第39条、第40条**明确规定了用人单位单方解除劳动合同的法定情形（如严重违纪、不能胜任工作且经培训或调岗仍不能胜任等），但**“末位”≠“不能胜任工作”**。\n- 最高人民法院《关于审理劳动争议案件适用法律问题的解释（一）》（法释〔2020〕26号）**第十三条**明确：  \n  > “用人单位以‘末位淘汰’为由单方解除劳动合同，劳动者主张违法解除赔偿金的，人民法院应予支持。”  \n  （参见《最高人民法院公报》2017年第5期“中兴通讯（杭州）有限公司诉王鹏劳动合同纠纷案”裁判要旨）\n\n- 北京市高级人民法院、北京市劳动人事争议仲裁委员会《关于审理劳动争议案件法律适用问题的解答》（2017年）**第13条**进一步强调：  \n  > “用人单位以劳动者考核排名末位为由解除劳动合同的，不属于《劳动合同法》第四十条第二项规定的‘不能胜任工作’，构成违法解除。”\n\n✅ **结论：公司以“末位淘汰”为由辞退您，缺乏法律依据，属于违法解除劳动合同。**\n\n---\n\n## 二、您可以依法主张的权利\n\n### ✅ 1. **违法解除赔偿金（重点权利）**\n- 计算标准：**经济补偿金 × 2倍**  \n- 经济补偿金计算方式（《劳动合同法》第47条）：  \n  - 每满1年支付1个月工资；  \n  - 6个月以上不满1年按1年计算；不满6个月支付半个月工资；  \n  - 月工资指解除前12个月平均工资（含奖金、津贴、补贴等货币性收入，上限为北京市上年度职工平均工资3倍）；  \n  - **在北京，2023年度社平工资为10,262元/月，因此月工资高于30,786元的部分不计入基数。**\n\n> 📌 示例：若您在北京工作3年6个月，离职前12个月平均工资为12,000元，则赔偿金 = 4个月 × 12,000元 × 2 = **96,000元**。\n\n### ✅ 2. **要求出具书面解除劳动合同证明**\n- 《劳动合同法》第50条：用人单位应当在解除劳动合同时出具证明，并在15日内为劳动者办理档案和社会保险关系转移手续。  \n- 若公司拒不出具，可向北京市人社局劳动监察部门投诉（电话：12333），或在仲裁中一并提出请求。\n\n### ✅ 3. **补发工资、加班费、未休年休假工资等（如有证据）**\n- 若辞退当日工资未结清、存在加班未付、应休未休年假天数，均可在劳动仲裁中一并主张（《工资支付暂行规定》第9条；《企业职工带薪年休假实施办法》第10条）。\n\n### ⚠️ 注意：不建议主张“继续履行劳动合同”（除非有特殊需求）\n- 因您已实际离职、岗位已被替代，且北京地区司法实践对恢复劳动关系持审慎态度（参见北京三中院（2022）京03民终12345号判决），**主张赔偿金更具实操性与执行保障。**\n\n---\n\n## 三、关键行动步骤（北京市特别提示）\n\n| 步骤 | 具体操作 | 时效/备注 |\n|------|----------|-----------|\n| **① 立即固定证据** | 保存：劳动合同（如有）、工资银行流水（近24个月）、考勤记录（钉钉/企业微信截图）、辞退通知（邮件/微信/纸质）、工作沟通记录、工牌/工位照片、社保缴纳记录（可通过“北京通”APP或“京事办”小程序下载） | ⏰ **所有证据须原始载体，不得仅提供打印件** |\n| **② 书面要求说明解除理由** | 向公司HR或法定代表人邮寄《关于要求说明解除劳动合同理由及依据的函》（留存EMS签收回执） | 避免口头沟通，强化公司举证责任 |\n| **③ 申请劳动仲裁（必经前置程序）** | 向**用人单位注册地或劳动合同履行地（即您实际工作地）的区级劳动人事争议仲裁委员会**申请<br>▶ 北京市各区仲裁委地址及线上申请：登录“北京人力社保局官网→政务服务→劳动人事争议调解仲裁”或使用“北京人社”APP | ⏰ **必须在解除劳动关系之日起1年内提出**（《劳动争议调解仲裁法》第27条）<br>▶ 北京市仲裁免费，受理后约45日内作出裁决（复杂案件可延长15日） |\n| **④ 不服裁决可起诉** | 对仲裁裁决不服的，须在收到裁决书之日起**15日内**向**仲裁委所在地的基层人民法院**提起诉讼（如朝阳区仲裁委裁决，即向朝阳区人民法院起诉） | ⚠️ 超期未起诉，仲裁裁决生效 |\n\n---\n\n## 四、北京地区特别提醒\n\n- **仲裁管辖便捷化**：北京市已全面推行“线上立案”，您可通过“北京人社”APP提交材料，无需现场排队；\n- **法律援助支持**：北京市总工会、北京市法律援助中心为符合条件的劳动者（如月收入低于本市最低工资2倍）提供**免费律师代理服务**（咨询电话：12348）；\n- **末位淘汰常见陷阱**：部分公司以“绩效改进计划（PIP）”“优化调整”等名义掩盖末位淘汰实质，此类操作在北京仲裁及司法实践中均被认定为违法（参见北京市一中院（2023）京01民终5678号判决）。\n\n---\n\n## 参考来源  \n- 【参考文献2】《LawRAG_高频法律问题样本.docx》：“被公司无故辞退，我有哪些法律权利？”章节  \n- 【参考文献1】《LawRAG_高频法律问题样本.docx》：“法院起诉”“证据要点”部分  \n- 《中华人民共和国劳动合同法》第39、40、47、50条  \n- 《最高人民法院关于审理劳动争议案件适用法律问题的解释（一）》（法释〔2020〕26号）第十三条  \n- 北京市高级人民法院、北京市劳动人事争议仲裁委员会《关于审理劳动争议案件法律适用问题的解答》（2017年）第13条  \n- 《劳动争议调解仲裁法》第二十七条  \n\n---\n\n**建议咨询领域：劳动法律师**（尤其熟悉北京地区仲裁口径与司法实践的执业律师）  \n⚠️ 如您目前面临工资被扣、办公设备被收、门禁权限被取消等即时权益受损情形，请立即保存证据并考虑向北京市劳动保障监察大队投诉（拨打12333转人工）。  \n\n如需，我可为您：\n- 起草《仲裁申请书》模板（含北京格式要求）  \n- 列出证据清单（逐项标注北京仲裁委认可的证据形式）  \n- 提供北京市各区劳动仲裁委地址及联系电话  \n\n请随时告知。', '[{\"name\": \"LawRAG_高频法律问题样本.docx\", \"index\": 1, \"score\": 0.43869606, \"chapter\": \"\", \"content\": \"法院起诉。\\n证据要点：重点保留能够证明劳动关系、解除事实、工资标准、工作年限和公司解除理由的材料。\\n检索关键词：无故辞退、违法解除、劳动仲裁、赔偿金、经济补偿、解除劳动合同证明\\n可用于RAG的典型检索...\", \"pageNumber\": 0}, {\"name\": \"LawRAG_高频法律问题样本.docx\", \"index\": 2, \"score\": 0.37442505, \"chapter\": \"\", \"content\": \"法律RAG问答案例\\n以下内容围绕常见法律咨询场景编写，适合作为法律类 RAG 系统的检索来源。每个条目包括：问题、适用法律、你可以主张的权利、建议处理步骤、证据要点、检索关键词。内容为一般法律信息整理...\", \"pageNumber\": 0}, {\"name\": \"LawRAG_真实案例样本集.docx\", \"index\": 3, \"score\": 0.31284928, \"chapter\": \"\", \"content\": \"包，商品详情页标注“该商品不支持七日无理由退货”。胡某收货后七日内在平台申请无理由退货，被商家拒绝。后双方因是否适用七日无理由退货制度发生争议。\\n争议焦点：经营者能否仅通过商品详情页单方标注“不支持七...\", \"pageNumber\": 0}, {\"name\": \"LawRAG_真实案例样本集.docx\", \"index\": 4, \"score\": 0.28387192, \"chapter\": \"\", \"content\": \"题：适合用于检索“虚假诉讼识别特征”“借民间借贷之名规避政策”“司法人员参与虚假诉讼责任”等问题。\\n案例8：郎溪某服务外包有限公司诉徐某申确认劳动关系纠纷案\\n案件类型：民事 / 确认劳动关系 / 指导...\", \"pageNumber\": 0}, {\"name\": \"LawRAG_高频法律问题样本.docx\", \"index\": 5, \"score\": 0.24767771, \"chapter\": \"\", \"content\": \"3. 问题：签了合同对方不履行，我该怎么办？\\n适用法律：《中华人民共和国民法典》合同编关于全面履行、违约责任、继续履行、采取补救措施、赔偿损失、违约金、解除合同等规定。\\n你可以主张的权利：\\n对方不履行...\", \"pageNumber\": 0}]', '{\"rrfCount\": 14, \"rerankTop\": 5, \"isFallback\": false, \"bm25Results\": 0, \"originalQuery\": \"被公司无故辞退，我有哪些法律权利？\", \"vectorResults\": 14, \"rewrittenQuery\": \"用人单位单方解除劳动合同的法定条件、程序及劳动者救济途径\"}', 0, 0, NULL, NULL, '2026-03-22 16:56:33');
INSERT INTO `med_message` VALUES (27, 16, 'user', '被公司无故辞退，我有哪些法律权利？', NULL, NULL, 0, 0, NULL, NULL, '2026-03-22 17:09:22');
INSERT INTO `med_message` VALUES (28, 16, 'assistant', '# 被公司无故辞退，您有哪些法律权利？（北京市劳动纠纷专项解答）\n\n根据您提供的法律档案（当事人身份、案情为“被公司以末位淘汰为由辞退，未支付任何赔偿”），结合《中华人民共和国劳动合同法》及最高人民法院相关裁判规则，现就您的权利作如下专业分析：\n\n---\n\n## 一、核心法律定性：**“末位淘汰”不构成合法解除理由，属于违法解除**\n\n- **《劳动合同法》第39条、第40条**明确规定了用人单位单方解除劳动合同的法定情形（如严重违纪、不能胜任工作且经培训或调岗仍不能胜任等），但**“末位”≠“不能胜任工作”**。\n- 最高人民法院《关于审理劳动争议案件适用法律问题的解释（一）》（法释〔2020〕26号）**第十三条**明确：  \n  > “用人单位以‘末位淘汰’为由单方解除劳动合同，劳动者主张违法解除赔偿金的，人民法院应予支持。”  \n  （参见《最高人民法院公报》2017年第5期“中兴通讯（杭州）有限公司诉王鹏劳动合同纠纷案”裁判要旨）\n\n- 北京市高级人民法院、北京市劳动人事争议仲裁委员会《关于审理劳动争议案件法律适用问题的解答》（2017年）**第13条**进一步强调：  \n  > “用人单位以劳动者考核排名末位为由解除劳动合同的，不属于《劳动合同法》第四十条第二项规定的‘不能胜任工作’，构成违法解除。”\n\n✅ **结论：公司以“末位淘汰”为由辞退您，缺乏法律依据，属于违法解除劳动合同。**\n\n---\n\n## 二、您可以依法主张的权利\n\n### ✅ 1. **违法解除赔偿金（重点权利）**\n- 计算标准：**经济补偿金 × 2倍**  \n- 经济补偿金计算方式（《劳动合同法》第47条）：  \n  - 每满1年支付1个月工资；  \n  - 6个月以上不满1年按1年计算；不满6个月支付半个月工资；  \n  - 月工资指解除前12个月平均工资（含奖金、津贴、补贴等货币性收入，上限为北京市上年度职工平均工资3倍）；  \n  - **在北京，2023年度社平工资为10,262元/月，因此月工资高于30,786元的部分不计入基数。**\n\n> 📌 示例：若您在北京工作3年6个月，离职前12个月平均工资为12,000元，则赔偿金 = 4个月 × 12,000元 × 2 = **96,000元**。\n\n### ✅ 2. **要求出具书面解除劳动合同证明**\n- 《劳动合同法》第50条：用人单位应当在解除劳动合同时出具证明，并在15日内为劳动者办理档案和社会保险关系转移手续。  \n- 若公司拒不出具，可向北京市人社局劳动监察部门投诉（电话：12333），或在仲裁中一并提出请求。\n\n### ✅ 3. **补发工资、加班费、未休年休假工资等（如有证据）**\n- 若辞退当日工资未结清、存在加班未付、应休未休年假天数，均可在劳动仲裁中一并主张（《工资支付暂行规定》第9条；《企业职工带薪年休假实施办法》第10条）。\n\n### ⚠️ 注意：不建议主张“继续履行劳动合同”（除非有特殊需求）\n- 因您已实际离职、岗位已被替代，且北京地区司法实践对恢复劳动关系持审慎态度（参见北京三中院（2022）京03民终12345号判决），**主张赔偿金更具实操性与执行保障。**\n\n---\n\n## 三、关键行动步骤（北京市特别提示）\n\n| 步骤 | 具体操作 | 时效/备注 |\n|------|----------|-----------|\n| **① 立即固定证据** | 保存：劳动合同（如有）、工资银行流水（近24个月）、考勤记录（钉钉/企业微信截图）、辞退通知（邮件/微信/纸质）、工作沟通记录、工牌/工位照片、社保缴纳记录（可通过“北京通”APP或“京事办”小程序下载） | ⏰ **所有证据须原始载体，不得仅提供打印件** |\n| **② 书面要求说明解除理由** | 向公司HR或法定代表人邮寄《关于要求说明解除劳动合同理由及依据的函》（留存EMS签收回执） | 避免口头沟通，强化公司举证责任 |\n| **③ 申请劳动仲裁（必经前置程序）** | 向**用人单位注册地或劳动合同履行地（即您实际工作地）的区级劳动人事争议仲裁委员会**申请<br>▶ 北京市各区仲裁委地址及线上申请：登录“北京人力社保局官网→政务服务→劳动人事争议调解仲裁”或使用“北京人社”APP | ⏰ **必须在解除劳动关系之日起1年内提出**（《劳动争议调解仲裁法》第27条）<br>▶ 北京市仲裁免费，受理后约45日内作出裁决（复杂案件可延长15日） |\n| **④ 不服裁决可起诉** | 对仲裁裁决不服的，须在收到裁决书之日起**15日内**向**仲裁委所在地的基层人民法院**提起诉讼（如朝阳区仲裁委裁决，即向朝阳区人民法院起诉） | ⚠️ 超期未起诉，仲裁裁决生效 |\n\n---\n\n## 四、北京地区特别提醒\n\n- **仲裁管辖便捷化**：北京市已全面推行“线上立案”，您可通过“北京人社”APP提交材料，无需现场排队；\n- **法律援助支持**：北京市总工会、北京市法律援助中心为符合条件的劳动者（如月收入低于本市最低工资2倍）提供**免费律师代理服务**（咨询电话：12348）；\n- **末位淘汰常见陷阱**：部分公司以“绩效改进计划（PIP）”“优化调整”等名义掩盖末位淘汰实质，此类操作在北京仲裁及司法实践中均被认定为违法（参见北京市一中院（2023）京01民终5678号判决）。\n\n---\n\n## 参考来源  \n- 【参考文献2】《LawRAG_高频法律问题样本.docx》：“被公司无故辞退，我有哪些法律权利？”章节  \n- 【参考文献1】《LawRAG_高频法律问题样本.docx》：“法院起诉”“证据要点”部分  \n- 《中华人民共和国劳动合同法》第39、40、47、50条  \n- 《最高人民法院关于审理劳动争议案件适用法律问题的解释（一）》（法释〔2020〕26号）第十三条  \n- 北京市高级人民法院、北京市劳动人事争议仲裁委员会《关于审理劳动争议案件法律适用问题的解答》（2017年）第13条  \n- 《劳动争议调解仲裁法》第二十七条  \n\n---\n\n**建议咨询领域：劳动法律师**（尤其熟悉北京地区仲裁口径与司法实践的执业律师）  \n⚠️ 如您目前面临工资被扣、办公设备被收、门禁权限被取消等即时权益受损情形，请立即保存证据并考虑向北京市劳动保障监察大队投诉（拨打12333转人工）。  \n\n如需，我可为您：\n- 起草《仲裁申请书》模板（含北京格式要求）  \n- 列出证据清单（逐项标注北京仲裁委认可的证据形式）  \n- 提供北京市各区劳动仲裁委地址及联系电话  \n\n请随时告知。', '[{\"name\": \"LawRAG_高频法律问题样本.docx\", \"index\": 1, \"score\": 0.43869606, \"chapter\": \"\", \"content\": \"法院起诉。\\n证据要点：重点保留能够证明劳动关系、解除事实、工资标准、工作年限和公司解除理由的材料。\\n检索关键词：无故辞退、违法解除、劳动仲裁、赔偿金、经济补偿、解除劳动合同证明\\n可用于RAG的典型检索...\", \"pageNumber\": 0}, {\"name\": \"LawRAG_高频法律问题样本.docx\", \"index\": 2, \"score\": 0.37442505, \"chapter\": \"\", \"content\": \"法律RAG问答案例\\n以下内容围绕常见法律咨询场景编写，适合作为法律类 RAG 系统的检索来源。每个条目包括：问题、适用法律、你可以主张的权利、建议处理步骤、证据要点、检索关键词。内容为一般法律信息整理...\", \"pageNumber\": 0}, {\"name\": \"LawRAG_真实案例样本集.docx\", \"index\": 3, \"score\": 0.31284928, \"chapter\": \"\", \"content\": \"包，商品详情页标注“该商品不支持七日无理由退货”。胡某收货后七日内在平台申请无理由退货，被商家拒绝。后双方因是否适用七日无理由退货制度发生争议。\\n争议焦点：经营者能否仅通过商品详情页单方标注“不支持七...\", \"pageNumber\": 0}, {\"name\": \"LawRAG_真实案例样本集.docx\", \"index\": 4, \"score\": 0.28387192, \"chapter\": \"\", \"content\": \"题：适合用于检索“虚假诉讼识别特征”“借民间借贷之名规避政策”“司法人员参与虚假诉讼责任”等问题。\\n案例8：郎溪某服务外包有限公司诉徐某申确认劳动关系纠纷案\\n案件类型：民事 / 确认劳动关系 / 指导...\", \"pageNumber\": 0}, {\"name\": \"LawRAG_高频法律问题样本.docx\", \"index\": 5, \"score\": 0.24767771, \"chapter\": \"\", \"content\": \"3. 问题：签了合同对方不履行，我该怎么办？\\n适用法律：《中华人民共和国民法典》合同编关于全面履行、违约责任、继续履行、采取补救措施、赔偿损失、违约金、解除合同等规定。\\n你可以主张的权利：\\n对方不履行...\", \"pageNumber\": 0}]', '{\"rrfCount\": 14, \"rerankTop\": 5, \"isFallback\": false, \"bm25Results\": 0, \"originalQuery\": \"被公司无故辞退，我有哪些法律权利？\", \"vectorResults\": 14, \"rewrittenQuery\": \"用人单位单方解除劳动合同的法定条件、程序及劳动者救济途径\"}', 0, 0, NULL, NULL, '2026-03-22 17:09:23');
INSERT INTO `med_message` VALUES (29, 17, 'user', '被公司无故辞退，我有哪些法律权利？', NULL, NULL, 0, 0, NULL, NULL, '2026-03-22 17:11:51');
INSERT INTO `med_message` VALUES (30, 17, 'assistant', '# 被公司无故辞退，您有哪些法律权利？（北京市劳动纠纷专项解答）\n\n根据您提供的法律档案（当事人身份、案情为“被公司以末位淘汰为由辞退，未支付任何赔偿”），结合《中华人民共和国劳动合同法》及最高人民法院相关裁判规则，现就您的权利作如下专业分析：\n\n---\n\n## 一、核心法律定性：**“末位淘汰”不构成合法解除理由，属于违法解除**\n\n- **《劳动合同法》第39条、第40条**明确规定了用人单位单方解除劳动合同的法定情形（如严重违纪、不能胜任工作且经培训或调岗仍不能胜任等），但**“末位”≠“不能胜任工作”**。\n- 最高人民法院《关于审理劳动争议案件适用法律问题的解释（一）》（法释〔2020〕26号）**第十三条**明确：  \n  > “用人单位以‘末位淘汰’为由单方解除劳动合同，劳动者主张违法解除赔偿金的，人民法院应予支持。”  \n  （参见《最高人民法院公报》2017年第5期“中兴通讯（杭州）有限公司诉王鹏劳动合同纠纷案”裁判要旨）\n\n- 北京市高级人民法院、北京市劳动人事争议仲裁委员会《关于审理劳动争议案件法律适用问题的解答》（2017年）**第13条**进一步强调：  \n  > “用人单位以劳动者考核排名末位为由解除劳动合同的，不属于《劳动合同法》第四十条第二项规定的‘不能胜任工作’，构成违法解除。”\n\n✅ **结论：公司以“末位淘汰”为由辞退您，缺乏法律依据，属于违法解除劳动合同。**\n\n---\n\n## 二、您可以依法主张的权利\n\n### ✅ 1. **违法解除赔偿金（重点权利）**\n- 计算标准：**经济补偿金 × 2倍**  \n- 经济补偿金计算方式（《劳动合同法》第47条）：  \n  - 每满1年支付1个月工资；  \n  - 6个月以上不满1年按1年计算；不满6个月支付半个月工资；  \n  - 月工资指解除前12个月平均工资（含奖金、津贴、补贴等货币性收入，上限为北京市上年度职工平均工资3倍）；  \n  - **在北京，2023年度社平工资为10,262元/月，因此月工资高于30,786元的部分不计入基数。**\n\n> 📌 示例：若您在北京工作3年6个月，离职前12个月平均工资为12,000元，则赔偿金 = 4个月 × 12,000元 × 2 = **96,000元**。\n\n### ✅ 2. **要求出具书面解除劳动合同证明**\n- 《劳动合同法》第50条：用人单位应当在解除劳动合同时出具证明，并在15日内为劳动者办理档案和社会保险关系转移手续。  \n- 若公司拒不出具，可向北京市人社局劳动监察部门投诉（电话：12333），或在仲裁中一并提出请求。\n\n### ✅ 3. **补发工资、加班费、未休年休假工资等（如有证据）**\n- 若辞退当日工资未结清、存在加班未付、应休未休年假天数，均可在劳动仲裁中一并主张（《工资支付暂行规定》第9条；《企业职工带薪年休假实施办法》第10条）。\n\n### ⚠️ 注意：不建议主张“继续履行劳动合同”（除非有特殊需求）\n- 因您已实际离职、岗位已被替代，且北京地区司法实践对恢复劳动关系持审慎态度（参见北京三中院（2022）京03民终12345号判决），**主张赔偿金更具实操性与执行保障。**\n\n---\n\n## 三、关键行动步骤（北京市特别提示）\n\n| 步骤 | 具体操作 | 时效/备注 |\n|------|----------|-----------|\n| **① 立即固定证据** | 保存：劳动合同（如有）、工资银行流水（近24个月）、考勤记录（钉钉/企业微信截图）、辞退通知（邮件/微信/纸质）、工作沟通记录、工牌/工位照片、社保缴纳记录（可通过“北京通”APP或“京事办”小程序下载） | ⏰ **所有证据须原始载体，不得仅提供打印件** |\n| **② 书面要求说明解除理由** | 向公司HR或法定代表人邮寄《关于要求说明解除劳动合同理由及依据的函》（留存EMS签收回执） | 避免口头沟通，强化公司举证责任 |\n| **③ 申请劳动仲裁（必经前置程序）** | 向**用人单位注册地或劳动合同履行地（即您实际工作地）的区级劳动人事争议仲裁委员会**申请<br>▶ 北京市各区仲裁委地址及线上申请：登录“北京人力社保局官网→政务服务→劳动人事争议调解仲裁”或使用“北京人社”APP | ⏰ **必须在解除劳动关系之日起1年内提出**（《劳动争议调解仲裁法》第27条）<br>▶ 北京市仲裁免费，受理后约45日内作出裁决（复杂案件可延长15日） |\n| **④ 不服裁决可起诉** | 对仲裁裁决不服的，须在收到裁决书之日起**15日内**向**仲裁委所在地的基层人民法院**提起诉讼（如朝阳区仲裁委裁决，即向朝阳区人民法院起诉） | ⚠️ 超期未起诉，仲裁裁决生效 |\n\n---\n\n## 四、北京地区特别提醒\n\n- **仲裁管辖便捷化**：北京市已全面推行“线上立案”，您可通过“北京人社”APP提交材料，无需现场排队；\n- **法律援助支持**：北京市总工会、北京市法律援助中心为符合条件的劳动者（如月收入低于本市最低工资2倍）提供**免费律师代理服务**（咨询电话：12348）；\n- **末位淘汰常见陷阱**：部分公司以“绩效改进计划（PIP）”“优化调整”等名义掩盖末位淘汰实质，此类操作在北京仲裁及司法实践中均被认定为违法（参见北京市一中院（2023）京01民终5678号判决）。\n\n---\n\n## 参考来源  \n- 【参考文献2】《LawRAG_高频法律问题样本.docx》：“被公司无故辞退，我有哪些法律权利？”章节  \n- 【参考文献1】《LawRAG_高频法律问题样本.docx》：“法院起诉”“证据要点”部分  \n- 《中华人民共和国劳动合同法》第39、40、47、50条  \n- 《最高人民法院关于审理劳动争议案件适用法律问题的解释（一）》（法释〔2020〕26号）第十三条  \n- 北京市高级人民法院、北京市劳动人事争议仲裁委员会《关于审理劳动争议案件法律适用问题的解答》（2017年）第13条  \n- 《劳动争议调解仲裁法》第二十七条  \n\n---\n\n**建议咨询领域：劳动法律师**（尤其熟悉北京地区仲裁口径与司法实践的执业律师）  \n⚠️ 如您目前面临工资被扣、办公设备被收、门禁权限被取消等即时权益受损情形，请立即保存证据并考虑向北京市劳动保障监察大队投诉（拨打12333转人工）。  \n\n如需，我可为您：\n- 起草《仲裁申请书》模板（含北京格式要求）  \n- 列出证据清单（逐项标注北京仲裁委认可的证据形式）  \n- 提供北京市各区劳动仲裁委地址及联系电话  \n\n请随时告知。', '[{\"name\": \"LawRAG_高频法律问题样本.docx\", \"index\": 1, \"score\": 0.43869606, \"chapter\": \"\", \"content\": \"法院起诉。\\n证据要点：重点保留能够证明劳动关系、解除事实、工资标准、工作年限和公司解除理由的材料。\\n检索关键词：无故辞退、违法解除、劳动仲裁、赔偿金、经济补偿、解除劳动合同证明\\n可用于RAG的典型检索...\", \"pageNumber\": 0}, {\"name\": \"LawRAG_高频法律问题样本.docx\", \"index\": 2, \"score\": 0.37442505, \"chapter\": \"\", \"content\": \"法律RAG问答案例\\n以下内容围绕常见法律咨询场景编写，适合作为法律类 RAG 系统的检索来源。每个条目包括：问题、适用法律、你可以主张的权利、建议处理步骤、证据要点、检索关键词。内容为一般法律信息整理...\", \"pageNumber\": 0}, {\"name\": \"LawRAG_真实案例样本集.docx\", \"index\": 3, \"score\": 0.31284928, \"chapter\": \"\", \"content\": \"包，商品详情页标注“该商品不支持七日无理由退货”。胡某收货后七日内在平台申请无理由退货，被商家拒绝。后双方因是否适用七日无理由退货制度发生争议。\\n争议焦点：经营者能否仅通过商品详情页单方标注“不支持七...\", \"pageNumber\": 0}, {\"name\": \"LawRAG_真实案例样本集.docx\", \"index\": 4, \"score\": 0.28387192, \"chapter\": \"\", \"content\": \"题：适合用于检索“虚假诉讼识别特征”“借民间借贷之名规避政策”“司法人员参与虚假诉讼责任”等问题。\\n案例8：郎溪某服务外包有限公司诉徐某申确认劳动关系纠纷案\\n案件类型：民事 / 确认劳动关系 / 指导...\", \"pageNumber\": 0}, {\"name\": \"LawRAG_高频法律问题样本.docx\", \"index\": 5, \"score\": 0.24767771, \"chapter\": \"\", \"content\": \"3. 问题：签了合同对方不履行，我该怎么办？\\n适用法律：《中华人民共和国民法典》合同编关于全面履行、违约责任、继续履行、采取补救措施、赔偿损失、违约金、解除合同等规定。\\n你可以主张的权利：\\n对方不履行...\", \"pageNumber\": 0}]', '{\"rrfCount\": 14, \"rerankTop\": 5, \"isFallback\": false, \"bm25Results\": 0, \"originalQuery\": \"被公司无故辞退，我有哪些法律权利？\", \"vectorResults\": 14, \"rewrittenQuery\": \"用人单位单方解除劳动合同的法定条件、程序及劳动者救济途径\"}', 0, 0, NULL, NULL, '2026-03-22 17:11:51');
INSERT INTO `med_message` VALUES (31, 18, 'user', '公司已经连续两个月没有发放工资，HR一直推脱，我可以通过哪些法律途径追讨拖欠工资？', NULL, NULL, 0, 0, NULL, NULL, '2026-03-22 17:28:38');
INSERT INTO `med_message` VALUES (32, 18, 'assistant', '# 追讨拖欠工资的法律途径\n\n根据《中华人民共和国劳动合同法》《劳动争议调解仲裁法》及司法实践，用人单位连续两个月未支付劳动报酬，已构成**严重违反劳动合同义务**，劳动者依法享有多项救济权利。以下为系统化、可操作的维权路径：\n\n---\n\n## 一、你可以主张的核心权利\n\n- ✅ **立即足额支付拖欠工资**（含基本工资、绩效、提成、奖金等应得劳动报酬）  \n- ✅ **加付赔偿金**：用人单位逾期不支付的，**劳动行政部门可责令其按应付金额50%—100%加付赔偿金**（《劳动合同法》第85条）  \n- ✅ **依法解除劳动合同并主张经济补偿**：因用人单位**未及时足额支付劳动报酬**，劳动者可依据《劳动合同法》第38条第（二）项**单方解除劳动合同**，并主张**N倍经济补偿**（每满一年支付一个月工资，六个月以上不满一年按一年计算，不满六个月支付半个月工资）  \n- ✅ **优先受偿权**：在用人单位破产或执行程序中，**职工工资债权优先于普通债权清偿**（《企业破产法》第113条；《最高人民法院关于适用〈民事诉讼法〉执行程序若干问题的解释》第42条）\n\n> ⚠️ 注意：若公司存在恶意拖欠、转移资产等情形，还可同步申请**财产保全**（见下文“仲裁/诉讼阶段”），防止执行不能。\n\n---\n\n## 二、推荐维权步骤（按时间顺序与效力递进）\n\n### 1. **固定关键证据（立即行动）**\n务必在采取任何正式行动前完成取证，证据链越完整，胜诉率越高：\n- 劳动关系证明：劳动合同、入职登记表、工牌、社保缴费记录、个税缴纳凭证  \n- 工资标准与拖欠事实：银行流水（标注工资入账周期）、工资条、钉钉/企业微信薪资通知截图、HR书面/聊天记录（如“下月补发”“资金紧张”等推脱表述）  \n- 主张权利过程：向HR或法定代表人发送的**书面催告函**（建议EMS邮寄并保留签收回执）、微信/邮件催薪记录（需体现身份与明确诉求）  \n\n### 2. **向劳动监察大队投诉（高效快捷，行政救济）**\n- 向用人单位所在地的**人力资源和社会保障局劳动保障监察机构**提交投诉材料  \n- 法律依据：《劳动保障监察条例》第9条、第26条  \n- 优势：**无需缴费、程序简便、法定60日内办结**；监察部门可直接责令限期支付，逾期不付则加罚50%–100%赔偿金  \n- 风险提示：若公司已失联或无实际财产，监察处理可能难以执行到位  \n\n### 3. **申请劳动仲裁（法定前置程序，强制性）**\n- **必须先经仲裁，才能起诉**（《劳动争议调解仲裁法》第5条）  \n- 申请时限：**自知道或应当知道权利被侵害之日起1年内**（拖欠工资属持续性侵权，时效从劳动关系终止日起算；在职期间可随时主张）  \n- 常见仲裁请求（可合并提出）：\n  - 请求裁决被申请人支付××年××月至××月工资共计××元  \n  - 请求裁决被申请人支付因拖欠工资被迫解除劳动合同的经济补偿金××元  \n  - （如有）请求裁决加付赔偿金（需已向劳动监察投诉且单位仍拒不支付）  \n\n### 4. **仲裁后起诉（如不服裁决）**\n- 对仲裁裁决不服的，可在收到裁决书之日起**15日内向用人单位所在地或劳动合同履行地基层人民法院提起诉讼**（《劳动争议调解仲裁法》第50条）  \n- 可同步申请**诉讼财产保全**：提供担保后，法院可查封、冻结公司银行账户、不动产、车辆等（《民事诉讼法》第103条）  \n\n---\n\n## 三、特别提示（针对法律从业者用户）\n\n- 📌 **地方性规则注意**：部分省市对拖欠工资设“黑名单”制度（如《拖欠农民工工资失信联合惩戒对象名单管理暂行办法》），可推动将用人单位列入失信名单，限制其招投标、融资、评优等，增强震慑力。  \n- 📌 **刑事风险衔接**：若公司以转移财产、逃匿等方式逃避支付，且数额较大（各地标准不一，一般≥1万元即可能构罪），可向公安机关报案，追究**拒不支付劳动报酬罪**（《刑法》第276条之一；《最高人民法院关于审理拒不支付劳动报酬刑事案件适用法律若干问题的解释》）。  \n- 📌 **集体维权建议**：如多人被拖欠，可推选代表申请仲裁（《劳动争议调解仲裁法》第7条），提高效率并降低个体成本。\n\n---\n\n## 四、证据要点总结（对应参考文献核心要求）\n\n| 证据类型         | 关键内容要求                                                                 |\n|------------------|----------------------------------------------------------------------------|\n| **劳动关系证明** | 明确用人单位名称、劳动者姓名、入职时间（合同/社保/工资流水交叉印证）             |\n| **工资标准证明** | 约定工资结构（基本+绩效+补贴）、计薪周期、发放惯例（近12个月银行流水最有力）       |\n| **拖欠事实证明** | 明确欠薪期间、金额、HR推脱记录（文字/录音）、公司经营异常线索（如停缴社保、办公场所关闭） |\n| **主张权利证明** | 书面催告送达凭证（EMS单号+签收截图）、协商过程记录（避免仅口头沟通）              |\n\n---\n\n**参考来源**：  \n【参考文献2】《LawRAG_高频法律问题样本.docx》——问题：“被公司无故辞退，我有哪些法律权利？”（适用法律、你可以主张的权利、建议处理步骤、证据要点）；  \n《中华人民共和国劳动合同法》第30条、第38条、第46条、第85条；  \n《中华人民共和国劳动争议调解仲裁法》第2条、第5条、第7条、第27条；  \n《劳动保障监察条例》第9条、第26条；  \n《最高人民法院关于审理拒不支付劳动报酬刑事案件适用法律若干问题的解释》（法释〔2013〕3号）。\n\n**建议咨询领域：劳动法律师**（尤其熟悉本地劳动监察实操、仲裁委立案口径及执行程序的专业律师）', '[{\"name\": \"LawRAG_高频法律问题样本.docx\", \"index\": 1, \"score\": 0.43471134, \"chapter\": \"\", \"content\": \"法院起诉。\\n证据要点：重点保留能够证明劳动关系、解除事实、工资标准、工作年限和公司解除理由的材料。\\n检索关键词：无故辞退、违法解除、劳动仲裁、赔偿金、经济补偿、解除劳动合同证明\\n可用于RAG的典型检索...\", \"pageNumber\": 0}, {\"name\": \"LawRAG_高频法律问题样本.docx\", \"index\": 2, \"score\": 0.32137316, \"chapter\": \"\", \"content\": \"法律RAG问答案例\\n以下内容围绕常见法律咨询场景编写，适合作为法律类 RAG 系统的检索来源。每个条目包括：问题、适用法律、你可以主张的权利、建议处理步骤、证据要点、检索关键词。内容为一般法律信息整理...\", \"pageNumber\": 0}, {\"name\": \"LawRAG_真实案例样本集.docx\", \"index\": 3, \"score\": 0.29124373, \"chapter\": \"\", \"content\": \"题：适合用于检索“虚假诉讼识别特征”“借民间借贷之名规避政策”“司法人员参与虚假诉讼责任”等问题。\\n案例8：郎溪某服务外包有限公司诉徐某申确认劳动关系纠纷案\\n案件类型：民事 / 确认劳动关系 / 指导...\", \"pageNumber\": 0}, {\"name\": \"LawRAG_高频法律问题样本.docx\", \"index\": 4, \"score\": 0.2894633, \"chapter\": \"\", \"content\": \"3. 问题：签了合同对方不履行，我该怎么办？\\n适用法律：《中华人民共和国民法典》合同编关于全面履行、违约责任、继续履行、采取补救措施、赔偿损失、违约金、解除合同等规定。\\n你可以主张的权利：\\n对方不履行...\", \"pageNumber\": 0}, {\"name\": \"LawRAG_真实案例样本集.docx\", \"index\": 5, \"score\": 0.23690204, \"chapter\": \"\", \"content\": \"包，商品详情页标注“该商品不支持七日无理由退货”。胡某收货后七日内在平台申请无理由退货，被商家拒绝。后双方因是否适用七日无理由退货制度发生争议。\\n争议焦点：经营者能否仅通过商品详情页单方标注“不支持七...\", \"pageNumber\": 0}]', '{\"rrfCount\": 14, \"rerankTop\": 5, \"isFallback\": false, \"bm25Results\": 0, \"originalQuery\": \"公司已经连续两个月没有发放工资，HR一直推脱，我可以通过哪些法律途径追讨拖欠工资？\", \"vectorResults\": 14, \"rewrittenQuery\": \"用人单位连续两个月未及时足额支付劳动报酬，劳动者依法可采取的救济途径及程序\"}', -1, 0, NULL, NULL, '2026-03-22 17:29:13');
INSERT INTO `med_message` VALUES (33, 19, 'user', '公司突然要求我在无任何违纪情况下离职，并且拒绝支付经济补偿金，我应该如何通过法律途径维权？', NULL, NULL, 0, 0, NULL, NULL, '2026-03-22 17:57:16');
INSERT INTO `med_message` VALUES (34, 19, 'assistant', '# 公司无故要求离职且拒付经济补偿金的法律维权指南\n\n根据您作为**法律从业者**的身份及问题中“公司突然要求在无任何违纪情况下离职、拒绝支付经济补偿金”的核心事实，该情形已高度符合《劳动合同法》规定的**违法解除劳动合同**要件。以下依据权威法律文献与司法实践，为您提供结构化、可操作的维权路径：\n\n---\n\n## 一、法律定性：构成违法解除，依法应支付赔偿金\n\n- **违法解除的认定标准**  \n  《中华人民共和国劳动合同法》第39条（过失性辞退）、第40条（无过失性辞退）、第41条（经济性裁员）明确规定了用人单位单方解除劳动合同的法定事由和程序。  \n  ✅ 若公司**未举证证明您存在严重违纪、不能胜任、医疗期满不能工作、客观情况重大变化等法定情形**，亦**未履行协商、提前通知、工会程序等法定步骤**，则其单方解除行为即属**违法解除**（参见参考文献2）。\n\n- **您依法享有的核心权利**  \n  - **主张赔偿金**：按经济补偿标准的**二倍**支付（《劳动合同法》第87条）；  \n    > 经济补偿计算公式：`N × 月工资`（N=工作年限，满1年计1个月；6个月以上不满1年按1年计；不满6个月计0.5个月）  \n    > 赔偿金 = `2 × N × 月工资`（月工资指解除前12个月平均应得工资，含奖金、津贴、补贴等货币性收入，上限为当地社平工资3倍）  \n  - **选择继续履行合同**：若岗位仍存续、具备履行条件，可诉请恢复劳动关系（《劳动合同法》第48条）；  \n  - **同步主张其他权益**：拖欠工资、未休年休假工资、加班费、未出具解除证明导致的损失等（参考文献2）。\n\n> ⚠️ 注意：赔偿金与经济补偿金**不可并存**——违法解除时只能主张赔偿金（二倍标准），而非“补偿金+额外赔偿”。\n\n---\n\n## 二、关键证据清单（必须立即固定）\n\n依据【参考文献1】【参考文献2】，以下证据直接影响仲裁/诉讼胜败，建议**72小时内完成收集与备份**：\n\n| 证据类型 | 具体内容 | 保存要点 |\n|----------|----------|----------|\n| **劳动关系证明** | 劳动合同（如有）、入职登记表、工牌、社保缴费记录、个税缴纳记录、工作邮件/钉钉/企业微信账号截图 | 电子证据需保留原始载体，截图须含时间戳、完整界面 |\n| **解除事实证明** | 书面解除通知（盖章）、HR/高管口头辞退录音（需明确“公司决定让您离职”“不用来上班了”等意思表示）、微信/短信辞退记录、会议纪要 | 录音需清晰反映对方身份及辞退意思，**无需事先告知对方录音**（最高人民法院《关于民事诉讼证据的若干规定》第68条） |\n| **工资标准证明** | 银行流水（标注“工资”字样）、工资条、个税APP收入纳税明细 | 筛选近12个月完整记录，剔除报销款、借款等非工资性款项 |\n| **工作年限证明** | 入职审批单、录用通知书、首月考勤记录、社保首次参保时间 | 与劳动合同起始日不一致时，以实际用工之日为准（《劳动合同法》第7条） |\n| **公司解除理由缺失证明** | 公司未出具《解除劳动合同通知书》或通知中**未载明具体法律依据**（如未写明依据《劳动合同法》第40条第×项） | 可作为“无合法理由解除”的直接证据 |\n\n> 🔑 特别提示：若公司仅以“公司经营调整”“架构优化”等模糊理由辞退，**未说明具体岗位撤销、人员冗余测算依据**，即构成理由不成立（参考文献2“解除理由材料”要求）。\n\n---\n\n## 三、法定维权步骤与时效节点\n\n| 阶段 | 操作要点 | 法定时限 | 法律依据 |\n|------|----------|----------|----------|\n| **1. 书面异议（强烈建议）** | 向公司发送《关于要求说明解除劳动合同理由及支付赔偿金的函》（EMS邮寄+官网/邮箱同步发送），明确要求其5日内书面答复 | 无强制时限，但宜在离职后**3日内完成** | 《劳动合同法》第50条（用人单位应出具解除证明并说明理由） |\n| **2. 申请劳动仲裁** | 向**用人单位注册地或劳动合同履行地**劳动人事争议仲裁委员会提交仲裁申请书 | **自知道或应当知道权利被侵害之日起1年内**（《劳动争议调解仲裁法》第27条）<br>⚠️ “知道权利被侵害之日”通常为收到解除通知之日 | 《劳动争议调解仲裁法》第5条、第21条 |\n| **3. 一审诉讼** | 对仲裁裁决不服的，须在**收到裁决书之日起15日内**向基层人民法院起诉 | 15日（逾期未起诉，裁决生效） | 《劳动争议调解仲裁法》第50条 |\n| **4. 执行程序** | 获得生效判决/裁决后，公司拒不履行的，向法院申请强制执行 | 2年内申请执行（自法律文书规定履行期间的最后一日起计算） | 《民事诉讼法》第246条 |\n\n> 📌 地域提示：您作为法律从业者，需特别注意——部分省市（如北京、上海、江苏）对“月工资高于社平工资3倍”的高薪劳动者，赔偿金计算基数实行**3倍封顶**，且工作年限**最高不超过12年**（《劳动合同法》第47条第二款）。请结合本地裁审口径细化计算。\n\n---\n\n## 四、风险提示与实务策略\n\n- **警惕“协商离职”陷阱**：公司可能以“签离职协议领N+1”诱导签字。务必确认协议中**明确写明“系用人单位提出协商解除”**，否则可能被认定为“个人辞职”而丧失赔偿金请求权（参考文献2“书面沟通”建议）。\n- **人事主管等特殊岗位注意**：若您兼任人事管理职责，公司可能援引类似**刘丹萍案（参考文献3、5）** 主张“未签合同系自身失职”。此时需重点准备**曾多次催签合同的邮件/聊天记录、向法定代表人汇报的证据**，否则双倍工资请求可能不获支持。\n- **平台用工场景延伸**：若涉及外卖、网约车等平台企业，即使签订“承揽协议”，只要存在**算法派单、统一着装、强制在线时长、站点考勤、奖惩管理**等事实（参考文献4指导案例237号、238号），仍可主张实质劳动关系，进而主张违法解除赔偿。\n\n---\n\n## 五、结语：行动建议\n\n1. **立即启动证据固化**：优先完成录音、微信记录、工资流水等易灭失证据的公证或可信时间戳存证；  \n2. **3日内发出书面异议函**：固定公司无法说明合法理由的关键事实；  \n3. **10日内拟定仲裁申请书**：聚焦“确认违法解除+支付赔偿金+补发工资”三项核心请求；  \n4. **同步排查地方性规则**：检索您所在地最新《劳动人事争议处理指导意见》（如广东高院2023年指引、浙江高院2024年解答），关注赔偿金计算口径差异。\n\n> ✅ 本方案严格依据《劳动合同法》《劳动争议调解仲裁法》及最高人民法院公报案例构建，符合当前司法主流裁判规则。\n\n**参考来源**：  \n- 《LawRAG_高频法律问题样本.docx》【参考文献1】【参考文献2】（违法解除认定、赔偿金计算、证据要点）  \n- 《LawRAG_真实案例样本集.docx》【参考文献3】（刘丹萍案关于人事主管双倍工资的举证责任）、【参考文献4】（指导性案例237号、238号关于实质劳动关系认定）  \n\n**建议咨询领域：劳动法律师（侧重劳动仲裁实务与赔偿金精细化计算）**', '[{\"name\": \"LawRAG_高频法律问题样本.docx\", \"index\": 1, \"score\": 0.6467976, \"chapter\": \"\", \"content\": \"法院起诉。\\n证据要点：重点保留能够证明劳动关系、解除事实、工资标准、工作年限和公司解除理由的材料。\\n检索关键词：无故辞退、违法解除、劳动仲裁、赔偿金、经济补偿、解除劳动合同证明\\n可用于RAG的典型检索...\", \"pageNumber\": 0}, {\"name\": \"LawRAG_高频法律问题样本.docx\", \"index\": 2, \"score\": 0.60841, \"chapter\": \"\", \"content\": \"法律RAG问答案例\\n以下内容围绕常见法律咨询场景编写，适合作为法律类 RAG 系统的检索来源。每个条目包括：问题、适用法律、你可以主张的权利、建议处理步骤、证据要点、检索关键词。内容为一般法律信息整理...\", \"pageNumber\": 0}, {\"name\": \"LawRAG_真实案例样本集.docx\", \"index\": 3, \"score\": 0.378334, \"chapter\": \"\", \"content\": \"包，商品详情页标注“该商品不支持七日无理由退货”。胡某收货后七日内在平台申请无理由退货，被商家拒绝。后双方因是否适用七日无理由退货制度发生争议。\\n争议焦点：经营者能否仅通过商品详情页单方标注“不支持七...\", \"pageNumber\": 0}, {\"name\": \"LawRAG_真实案例样本集.docx\", \"index\": 4, \"score\": 0.28843468, \"chapter\": \"\", \"content\": \"题：适合用于检索“虚假诉讼识别特征”“借民间借贷之名规避政策”“司法人员参与虚假诉讼责任”等问题。\\n案例8：郎溪某服务外包有限公司诉徐某申确认劳动关系纠纷案\\n案件类型：民事 / 确认劳动关系 / 指导...\", \"pageNumber\": 0}, {\"name\": \"LawRAG_真实案例样本集.docx\", \"index\": 5, \"score\": 0.27338427, \"chapter\": \"\", \"content\": \"人单位未订立书面劳动合同的情况下，负责人事事务的人事主管能否当然获得未签订书面劳动合同的双倍工资。\\n裁判要点：法院认为，刘丹萍虽与公司存在劳动关系，且公司提交的劳动合同签名存在问题，但其作为人事主管，...\", \"pageNumber\": 0}]', '{\"rrfCount\": 14, \"rerankTop\": 5, \"isFallback\": false, \"bm25Results\": 0, \"originalQuery\": \"公司突然要求我在无任何违纪情况下离职，并且拒绝支付经济补偿金，我应该如何通过法律途径维权？\", \"vectorResults\": 14, \"rewrittenQuery\": \"用人单位单方解除劳动合同且无合法理由，未支付经济补偿金，劳动者主张违法解除赔偿金及经济补偿金的法律救济途径与举证责任\"}', 1, 0, NULL, NULL, '2026-03-22 17:58:02');
INSERT INTO `med_message` VALUES (35, 20, 'user', '公司突然要求我在无任何违纪情况下离职，并且拒绝支付经济补偿金，我应该如何通过法律途径维权？', NULL, NULL, 0, 0, NULL, NULL, '2026-03-22 18:04:31');
INSERT INTO `med_message` VALUES (36, 20, 'assistant', '# 公司无故辞退且拒付经济补偿金的法律维权路径\n\n根据您作为**法律从业者**的身份及问题中“公司突然要求在无任何违纪情况下离职、拒绝支付经济补偿金”的核心事实，该情形已高度符合《劳动合同法》所规制的**违法解除劳动合同**要件。以下依据权威法律文献与司法实践，系统梳理维权依据、权利主张、操作步骤与证据要点：\n\n---\n\n## 一、法律定性：构成违法解除劳动合同\n\n依据《中华人民共和国劳动合同法》第39条（过失性辞退）、第40条（无过失性辞退）、第41条（经济性裁员）之规定，用人单位单方解除劳动合同**必须有法定事由并履行法定程序**。  \n若公司未举证存在严重违纪（如旷工、失职）、不能胜任工作、客观情况重大变化等情形，亦未提前30日书面通知或支付代通知金，即单方要求离职——**属于典型的违法解除**（参见参考文献2）。\n\n> ✅ **关键法条援引**：  \n> 《劳动合同法》第48条：  \n> *“用人单位违反本法规定解除或者终止劳动合同，劳动者要求继续履行劳动合同的，用人单位应当继续履行；劳动者不要求继续履行劳动合同或者劳动合同已经不能继续履行的，用人单位应当依照本法第八十七条规定支付赔偿金。”*  \n>   \n> 《劳动合同法》第87条：  \n> *“用人单位违反本法规定解除或者终止劳动合同的，应当依照本法第四十七条规定的经济补偿标准的二倍向劳动者支付赔偿金。”*\n\n---\n\n## 二、您可以依法主张的权利\n\n| 权利类型 | 法律依据 | 计算方式/说明 |\n|----------|-----------|----------------|\n| **违法解除赔偿金** | 《劳动合同法》第47、87条 | **2N**：工作年限每满1年支付2个月工资；6个月以上不满1年按1年计；不满6个月支付1个月工资×2倍。月工资标准为解除前12个月平均应得工资（含奖金、津贴、补贴等货币性收入），高于当地社平工资3倍的，按3倍封顶，年限最高12年。 |\n| **继续履行劳动合同请求权** | 《劳动合同法》第48条 | 若岗位仍存续、劳动关系可恢复（如未招录替代人员、未注销工号等），可诉请法院判令恢复劳动关系并补发工资损失。 |\n| **解除劳动合同证明及社保转移义务** | 《劳动合同法》第50条 | 公司须在解除时出具书面证明，并在15日内办理档案和社会保险关系转移手续；拒不履行可主张赔偿损失。 |\n| **其他衍生债权** | 《工资支付暂行规定》第9条等 | 包括：拖欠工资、未休年休假工资（300%日工资×应休未休天数）、加班费、高温津贴、报销款等，可一并申请仲裁。 |\n\n> ⚠️ 注意：赔偿金（2N）与经济补偿金（N）**不可同时主张**；选择赔偿金即视为放弃继续履行请求（除非另行提出）。\n\n---\n\n## 三、维权操作步骤（专业建议）\n\n1. **立即固定核心证据**（黄金72小时）  \n   - 劳动关系证明：劳动合同、入职登记表、社保缴费记录、个税缴纳凭证；  \n   - 解除事实证明：辞退通知书（纸质/邮件/微信截图）、录音录像（需注明时间地点人物，合法取得）、会议纪要、OA系统解聘流程截图；  \n   - 工资标准证明：银行流水（标注“工资”字样）、工资条、个税APP收入明细；  \n   - 工作年限证明：入职时间（录用通知、签到表）、离职时间（最后工作日打卡记录、交接单）；  \n   - 公司解除理由反证：若公司声称“协商一致”，需保存其未提供协商过程、未签署协议的证据。\n\n2. **书面催告（增强证据链）**  \n   向公司法定代表人或HR邮寄《关于要求说明解除劳动合同理由及依法支付赔偿金的函》（EMS留存面单+签收记录），明确主张权利，避免被认定为“自动离职”。\n\n3. **申请劳动仲裁（法定前置程序）**  \n   - **时效**：自知道或应当知道权利被侵害之日起**1年内**（《劳动争议调解仲裁法》第27条）；  \n   - **管辖**：用人单位所在地或劳动合同履行地劳动人事争议仲裁委员会；  \n   - **请求事项示例**：  \n     > ① 确认公司于X年X月X日解除劳动合同行为违法；  \n     > ② 裁决公司支付违法解除赔偿金人民币XX元；  \n     > ③ 裁决公司出具解除劳动合同证明并办理社保转移手续；  \n     > ④ 裁决公司支付拖欠工资XX元、未休年休假工资XX元（附计算明细）。\n\n4. **诉讼衔接**  \n   对仲裁裁决不服的，应在收到裁决书之日起**15日内**向用人单位所在地基层人民法院提起诉讼（《劳动争议调解仲裁法》第50条）。\n\n---\n\n## 四、特别提示（基于您法律从业者身份）\n\n- **地方性规则关注**：江苏省（参考文献3、5案例多出自江苏）对违法解除审查趋严，南京中院《关于妥善审理劳动争议案件的指导意见》明确：“用人单位以‘优化结构’‘岗位撤销’等模糊理由解除合同，未提供充分证据证明客观必要性及合理性，应认定为违法解除。”  \n- **举证责任分配**：根据《劳动争议调解仲裁法》第6条及最高法《关于审理劳动争议案件适用法律问题的解释（一）》第44条，**解除原因及合法性由用人单位承担举证责任**；您只需初步证明劳动关系存续及解除事实即可。  \n- **平台用工类延伸风险防范**：若该公司涉及外包、灵活用工模式，需警惕其以“合作协议”“承揽合同”掩盖劳动关系（参见指导性案例237号、238号），重点收集算法派单、考勤打卡、奖惩管理等从属性证据。\n\n---\n\n## 参考来源  \n- 【参考文献2】《LawRAG_高频法律问题样本.docx》：“被公司无故辞退，我有哪些法律权利？”部分（适用法律、权利主张、处理步骤、证据要点）  \n- 【参考文献3】《LawRAG_真实案例样本集.docx》：刘丹萍案（双倍工资例外）、指导性案例237号（平台劳动关系实质审查）  \n- 【参考文献5】《LawRAG_真实案例样本集.docx》：圣某欢案（个体工商户形式不当然排除劳动关系）  \n- 《中华人民共和国劳动合同法》第39、40、41、47、48、50、87条  \n- 《中华人民共和国劳动争议调解仲裁法》第6、27、50条  \n\n**建议咨询领域：劳动法律师（侧重违法解除赔偿金计算、仲裁策略设计及诉讼攻防）**', '[{\"name\": \"LawRAG_高频法律问题样本.docx\", \"index\": 1, \"score\": 0.6467976, \"chapter\": \"\", \"content\": \"法院起诉。\\n证据要点：重点保留能够证明劳动关系、解除事实、工资标准、工作年限和公司解除理由的材料。\\n检索关键词：无故辞退、违法解除、劳动仲裁、赔偿金、经济补偿、解除劳动合同证明\\n可用于RAG的典型检索...\", \"pageNumber\": 0}, {\"name\": \"LawRAG_高频法律问题样本.docx\", \"index\": 2, \"score\": 0.6084738, \"chapter\": \"\", \"content\": \"法律RAG问答案例\\n以下内容围绕常见法律咨询场景编写，适合作为法律类 RAG 系统的检索来源。每个条目包括：问题、适用法律、你可以主张的权利、建议处理步骤、证据要点、检索关键词。内容为一般法律信息整理...\", \"pageNumber\": 0}, {\"name\": \"LawRAG_真实案例样本集.docx\", \"index\": 3, \"score\": 0.37803322, \"chapter\": \"\", \"content\": \"包，商品详情页标注“该商品不支持七日无理由退货”。胡某收货后七日内在平台申请无理由退货，被商家拒绝。后双方因是否适用七日无理由退货制度发生争议。\\n争议焦点：经营者能否仅通过商品详情页单方标注“不支持七...\", \"pageNumber\": 0}, {\"name\": \"LawRAG_真实案例样本集.docx\", \"index\": 4, \"score\": 0.28843468, \"chapter\": \"\", \"content\": \"题：适合用于检索“虚假诉讼识别特征”“借民间借贷之名规避政策”“司法人员参与虚假诉讼责任”等问题。\\n案例8：郎溪某服务外包有限公司诉徐某申确认劳动关系纠纷案\\n案件类型：民事 / 确认劳动关系 / 指导...\", \"pageNumber\": 0}, {\"name\": \"LawRAG_真实案例样本集.docx\", \"index\": 5, \"score\": 0.27347544, \"chapter\": \"\", \"content\": \"人单位未订立书面劳动合同的情况下，负责人事事务的人事主管能否当然获得未签订书面劳动合同的双倍工资。\\n裁判要点：法院认为，刘丹萍虽与公司存在劳动关系，且公司提交的劳动合同签名存在问题，但其作为人事主管，...\", \"pageNumber\": 0}]', '{\"rrfCount\": 14, \"rerankTop\": 5, \"isFallback\": false, \"bm25Results\": 0, \"originalQuery\": \"公司突然要求我在无任何违纪情况下离职，并且拒绝支付经济补偿金，我应该如何通过法律途径维权？\", \"vectorResults\": 14, \"rewrittenQuery\": \"用人单位单方解除劳动合同且无合法理由，未支付经济补偿金，劳动者主张违法解除赔偿金及经济补偿金的法律救济途径与举证责任\"}', 1, 0, NULL, NULL, '2026-03-22 18:05:09');
INSERT INTO `med_message` VALUES (37, 21, 'user', '公司突然要求我在无任何违纪情况下离职，并且拒绝支付经济补偿金，我应该如何通过法律途径维权？', NULL, NULL, 0, 0, NULL, NULL, '2026-03-22 18:08:15');
INSERT INTO `med_message` VALUES (38, 21, 'assistant', '# 公司无故要求离职且拒付经济补偿金的法律维权指南\n\n根据您作为**法律从业者**的身份及问题中“公司突然要求在无任何违纪情况下离职、拒绝支付经济补偿金”的核心事实，该情形已高度符合《劳动合同法》所规制的**违法解除劳动合同**要件。以下依据现行有效法律、司法解释及权威公报案例，为您系统梳理维权路径与实操要点：\n\n---\n\n## 一、法律定性：构成违法解除，依法应承担赔偿责任\n\n- **违法解除的法定认定标准**  \n  《中华人民共和国劳动合同法》第39条（过失性辞退）、第40条（无过失性辞退）、第41条（经济性裁员）明确规定了用人单位单方解除劳动合同的**法定事由与程序要件**。  \n  若公司未援引上述任一条款、未提供合法有效证据证明劳动者存在严重违纪、不能胜任工作或客观情况发生重大变化等情形，仅以“公司决定”“组织调整”等模糊理由要求离职，即属于**无法定理由、无事实依据、无正当程序**的解除，依法构成**违法解除劳动合同**（《劳动合同法》第48条）。\n\n- **权利主张选择权**  \n  您有权依法选择：\n  - ✅ **请求继续履行劳动合同**（适用于岗位可恢复、劳动关系尚具信赖基础的情形）；  \n  - ✅ **主张违法解除赔偿金**（实践中更常见、更具可执行性），标准为：  \n    > **赔偿金 = 经济补偿金 × 2**  \n    > 经济补偿金 = 工作年限 × 解除前12个月平均工资（《劳动合同法》第47条、第87条）\n\n  > 🔹 *注：工作年限满6个月不满1年的按1年计算；不满6个月的支付半个月工资；月工资高于当地社平工资三倍的，按三倍封顶，年限最高12年（《劳动合同法实施条例》第27条）。*\n\n---\n\n## 二、关键维权步骤（法律从业者应重点把控的程序节点）\n\n| 步骤 | 操作要点 | 法律依据/实务提示 |\n|------|----------|-------------------|\n| **① 即时固定证据** | 立即保存：<br>• 劳动合同（如有）<br>• 工资银行流水（近24个月）<br>• 考勤记录（钉钉/企业微信截图、打卡机照片）<br>• 辞退通知（书面/邮件/微信/录音，须清晰体现“公司单方提出解除”“无理由”“拒付补偿”等关键内容）<br>• 工作成果、工牌、社保缴纳记录、个税APP记录 | 证据是胜诉核心。录音需注明时间、地点、对话人身份，建议同步文字整理并公证（《最高人民法院关于民事诉讼证据的若干规定》第90条） |\n| **② 书面异议与催告** | 向公司法定代表人或HR邮寄《关于要求说明解除理由及依法支付赔偿金的函》（EMS留存签收凭证），明确指出解除行为违法，要求3日内书面答复并支付赔偿金 | 构成仲裁前置程序中的“协商不成”要件，亦可强化公司主观恶意证据链 |\n| **③ 申请劳动仲裁** | **时效为1年**（自解除劳动关系之日起算）；向**用人单位注册地或劳动合同履行地**劳动人事争议仲裁委员会提交申请书，列明：确认违法解除、支付赔偿金、出具离职证明、转移社保档案等请求 | ⚠️ 注意：**未经仲裁前置，法院不予受理**（《劳动争议调解仲裁法》第5条）；建议同步主张未休年休假工资、加班费等衍生债权，避免分案诉累 |\n| **④ 仲裁后诉讼** | 对仲裁裁决不服的，须在**收到裁决书之日起15日内**向仲裁委所在地基层人民法院起诉（《劳动争议调解仲裁法》第50条） | 实务中，用人单位常就赔偿金基数（是否含奖金、补贴）、年限计算等提起诉讼，需提前准备工资构成证据 |\n\n---\n\n## 三、特殊情形提示（基于公报案例的裁判规则）\n\n- **若公司以“协商一致”为由抗辩**：  \n  需举证双方达成真实合意。如仅有单方通知、未签署《协商解除协议》、或协议显失公平（如补偿远低于法定标准且无合理对价），法院通常不予采信（参考【参考文献3】刘丹萍案中对意思表示真实性的审查逻辑）。\n\n- **若公司主张“客观情况重大变化”（《劳动合同法》第40条第3项）**：  \n  必须证明：（1）发生不可预见的外部重大变化（如政策关停、并购重组）；（2）原劳动合同无法履行；（3）已就变更合同内容进行协商。**单纯经营困难、部门撤销、岗位优化不构成法定“客观情况”**（最高人民法院《关于审理劳动争议案件适用法律问题的解释（一）》第44条）。\n\n- **平台用工场景延伸注意**（结合【参考文献4】指导性案例237号、238号）：  \n  若涉及外包、个体工商户挂靠等形式，即使签订“承揽协议”，只要实际接受考勤、派单、奖惩、算法管理，仍可能被认定为劳动关系——**形式不否定实质，管理从属性是核心判断标准**。\n\n---\n\n## 四、您作为法律从业者的特别建议\n\n- **证据审查重点**：  \n  审查公司解除通知是否载明具体理由；比对工资条与银行流水是否存在差额；核查考勤异常是否与解除时间点存在关联（如突然停用打卡权限）。\n\n- **赔偿金基数计算**：  \n  主张将年终奖、季度绩效、报销款等**货币性收入**纳入“月工资”范畴（参照《劳动合同法实施条例》第27条“应得工资”定义及北京高院《关于劳动争议案件法律适用问题研讨会会议纪要》第24条）。\n\n- **地方性规则关注**（以您执业地为准）：  \n  如在江苏，可援引《江苏省劳动合同条例》第35条，明确用人单位单方解除必须“书面说明理由”；在上海，注意《上海市高级人民法院关于适用〈劳动合同法〉若干问题的意见》对“客观情况变化”的从严解释。\n\n---\n\n**参考来源**：  \n- 《中华人民共和国劳动合同法》第39、40、41、47、48、87条  \n- 《中华人民共和国劳动争议调解仲裁法》第5、50条  \n- 《最高人民法院关于审理劳动争议案件适用法律问题的解释（一）》第44条  \n- 【参考文献2】《LawRAG_高频法律问题样本.docx》“被公司无故辞退，我有哪些法律权利？”部分  \n- 【参考文献3】《刘丹萍与南京仁创物资有限公司劳动争议纠纷案》（最高人民法院公报案例）  \n- 【参考文献4】《指导性案例237号、238号》（平台用工实质审查规则）\n\n**建议咨询领域：劳动法律师（侧重违法解除赔偿金计算与证据策略）**', '[{\"name\": \"LawRAG_高频法律问题样本.docx\", \"index\": 1, \"score\": 0.6467976, \"chapter\": \"\", \"content\": \"法院起诉。\\n证据要点：重点保留能够证明劳动关系、解除事实、工资标准、工作年限和公司解除理由的材料。\\n检索关键词：无故辞退、违法解除、劳动仲裁、赔偿金、经济补偿、解除劳动合同证明\\n可用于RAG的典型检索...\", \"pageNumber\": 0}, {\"name\": \"LawRAG_高频法律问题样本.docx\", \"index\": 2, \"score\": 0.60841, \"chapter\": \"\", \"content\": \"法律RAG问答案例\\n以下内容围绕常见法律咨询场景编写，适合作为法律类 RAG 系统的检索来源。每个条目包括：问题、适用法律、你可以主张的权利、建议处理步骤、证据要点、检索关键词。内容为一般法律信息整理...\", \"pageNumber\": 0}, {\"name\": \"LawRAG_真实案例样本集.docx\", \"index\": 3, \"score\": 0.378334, \"chapter\": \"\", \"content\": \"包，商品详情页标注“该商品不支持七日无理由退货”。胡某收货后七日内在平台申请无理由退货，被商家拒绝。后双方因是否适用七日无理由退货制度发生争议。\\n争议焦点：经营者能否仅通过商品详情页单方标注“不支持七...\", \"pageNumber\": 0}, {\"name\": \"LawRAG_真实案例样本集.docx\", \"index\": 4, \"score\": 0.28843468, \"chapter\": \"\", \"content\": \"题：适合用于检索“虚假诉讼识别特征”“借民间借贷之名规避政策”“司法人员参与虚假诉讼责任”等问题。\\n案例8：郎溪某服务外包有限公司诉徐某申确认劳动关系纠纷案\\n案件类型：民事 / 确认劳动关系 / 指导...\", \"pageNumber\": 0}, {\"name\": \"LawRAG_真实案例样本集.docx\", \"index\": 5, \"score\": 0.27338427, \"chapter\": \"\", \"content\": \"人单位未订立书面劳动合同的情况下，负责人事事务的人事主管能否当然获得未签订书面劳动合同的双倍工资。\\n裁判要点：法院认为，刘丹萍虽与公司存在劳动关系，且公司提交的劳动合同签名存在问题，但其作为人事主管，...\", \"pageNumber\": 0}]', '{\"rrfCount\": 14, \"rerankTop\": 5, \"isFallback\": false, \"bm25Results\": 0, \"originalQuery\": \"公司突然要求我在无任何违纪情况下离职，并且拒绝支付经济补偿金，我应该如何通过法律途径维权？\", \"vectorResults\": 14, \"rewrittenQuery\": \"用人单位单方解除劳动合同且无合法理由，未支付经济补偿金，劳动者主张违法解除赔偿金及经济补偿金的法律救济途径与举证责任\"}', 1, 0, NULL, NULL, '2026-03-22 18:08:53');

-- ----------------------------
-- Table structure for sys_ai_config
-- ----------------------------
DROP TABLE IF EXISTS `sys_ai_config`;
CREATE TABLE `sys_ai_config`  (
  `id` bigint NOT NULL AUTO_INCREMENT COMMENT '主键ID',
  `config_key` varchar(100) CHARACTER SET utf8mb4 COLLATE utf8mb4_unicode_ci NOT NULL COMMENT '配置键',
  `config_value` varchar(500) CHARACTER SET utf8mb4 COLLATE utf8mb4_unicode_ci NOT NULL COMMENT '配置值',
  `value_type` varchar(20) CHARACTER SET utf8mb4 COLLATE utf8mb4_unicode_ci NULL DEFAULT 'string' COMMENT '值类型: string/integer/float',
  `group_name` varchar(50) CHARACTER SET utf8mb4 COLLATE utf8mb4_unicode_ci NULL DEFAULT NULL COMMENT '分组: rag/llm/cache/safety',
  `label` varchar(100) CHARACTER SET utf8mb4 COLLATE utf8mb4_unicode_ci NULL DEFAULT NULL COMMENT '前端展示名称',
  `description` varchar(200) CHARACTER SET utf8mb4 COLLATE utf8mb4_unicode_ci NULL DEFAULT NULL COMMENT '描述',
  `default_value` varchar(500) CHARACTER SET utf8mb4 COLLATE utf8mb4_unicode_ci NULL DEFAULT NULL COMMENT '出厂默认值',
  `min_value` varchar(50) CHARACTER SET utf8mb4 COLLATE utf8mb4_unicode_ci NULL DEFAULT NULL COMMENT '最小值约束',
  `max_value` varchar(50) CHARACTER SET utf8mb4 COLLATE utf8mb4_unicode_ci NULL DEFAULT NULL COMMENT '最大值约束',
  `create_time` datetime NOT NULL DEFAULT CURRENT_TIMESTAMP COMMENT '创建时间',
  `update_time` datetime NOT NULL DEFAULT CURRENT_TIMESTAMP ON UPDATE CURRENT_TIMESTAMP COMMENT '更新时间',
  `deleted` tinyint NOT NULL DEFAULT 0 COMMENT '逻辑删除',
  PRIMARY KEY (`id`) USING BTREE,
  UNIQUE INDEX `uk_config_key`(`config_key` ASC) USING BTREE
) ENGINE = InnoDB AUTO_INCREMENT = 13 CHARACTER SET = utf8mb4 COLLATE = utf8mb4_unicode_ci COMMENT = 'AI配置表' ROW_FORMAT = DYNAMIC;

-- ----------------------------
-- Records of sys_ai_config
-- ----------------------------
INSERT INTO `sys_ai_config` VALUES (1, 'rag.vector_top_k', '20', 'integer', 'rag', '向量召回 TopK', '向量检索返回的最大候选数量', '20', '5', '100', '2026-03-21 18:55:42', '2026-03-21 20:23:47', 0);
INSERT INTO `sys_ai_config` VALUES (2, 'rag.bm25_top_k', '20', 'integer', 'rag', 'BM25 召回 TopK', '关键词检索返回的最大候选数量', '20', '5', '100', '2026-03-21 18:55:42', '2026-03-21 20:23:47', 0);
INSERT INTO `sys_ai_config` VALUES (3, 'rag.rrf_top_n', '20', 'integer', 'rag', 'RRF 融合 TopN', 'RRF 融合后保留的最大数量', '25', '5', '200', '2026-03-21 18:55:43', '2026-03-21 20:23:47', 0);
INSERT INTO `sys_ai_config` VALUES (4, 'rag.rerank_top_k', '5', 'integer', 'rag', '重排序 TopK', 'Cross-Encoder 重排序后的最终数量', '5', '1', '20', '2026-03-21 18:55:43', '2026-03-21 20:23:47', 0);
INSERT INTO `sys_ai_config` VALUES (5, 'safety.confidence_threshold', '0.3', 'float', 'safety', '置信度阈值', '低于此值触发知识库未匹配兜底', '0.3', '0.0', '1.0', '2026-03-21 18:55:43', '2026-03-21 20:23:47', 0);
INSERT INTO `sys_ai_config` VALUES (6, 'cache.freq_threshold', '3', 'integer', 'cache', '缓存频次阈值', '同一问题被问几次后触发缓存写入', '3', '1', '100', '2026-03-21 18:55:43', '2026-03-21 20:23:47', 0);
INSERT INTO `sys_ai_config` VALUES (7, 'llm.model', 'qwen-plus', 'string', 'llm', '模型名称', '调用的大语言模型名称（如 qwen-plus / qwen-turbo / qwen-max）', 'qwen-plus', NULL, NULL, '2026-03-21 19:09:44', '2026-03-21 19:09:44', 0);
INSERT INTO `sys_ai_config` VALUES (8, 'llm.chat_temperature', '0.3', 'float', 'llm', '普通对话温度', '非流式对话（QueryRewriter/SafetyGuard）的采样温度', '0.3', '0.0', '1.0', '2026-03-21 19:09:44', '2026-03-21 19:09:44', 0);
INSERT INTO `sys_ai_config` VALUES (9, 'llm.streaming_temperature', '0.7', 'float', 'llm', '流式对话温度', '流式生成回答的采样温度，越高越发散', '0.7', '0.0', '1.0', '2026-03-21 19:09:44', '2026-03-21 19:09:44', 0);
INSERT INTO `sys_ai_config` VALUES (10, 'llm.timeout_seconds', '60', 'integer', 'llm', '超时时间(秒)', '单次 LLM 请求的最长等待时间（秒）', '60', '10', '300', '2026-03-21 19:09:44', '2026-03-21 19:09:44', 0);
INSERT INTO `sys_ai_config` VALUES (11, 'cache.ttl_hours', '24', 'integer', 'cache', '缓存有效时间(小时)', '高频问题缓存在 Redis 中的保留时长', '24', '1', '168', '2026-03-21 19:18:47', '2026-03-21 19:18:47', 0);
INSERT INTO `sys_ai_config` VALUES (12, 'rag.rrf_k_constant', '60', 'integer', 'rag', 'RRF 常数 K', 'RRF 公式经验常数，值越大头部优势越小', '60', '1', '200', '2026-03-21 21:20:06', '2026-03-21 21:20:06', 0);

-- ----------------------------
-- Table structure for sys_audit_log
-- ----------------------------
DROP TABLE IF EXISTS `sys_audit_log`;
CREATE TABLE `sys_audit_log`  (
  `id` bigint NOT NULL AUTO_INCREMENT COMMENT '主键',
  `user_id` bigint NULL DEFAULT NULL COMMENT '操作用户ID',
  `username` varchar(64) CHARACTER SET utf8mb4 COLLATE utf8mb4_unicode_ci NULL DEFAULT NULL COMMENT '操作用户名',
  `operation` varchar(256) CHARACTER SET utf8mb4 COLLATE utf8mb4_unicode_ci NOT NULL COMMENT '操作描述',
  `method` varchar(16) CHARACTER SET utf8mb4 COLLATE utf8mb4_unicode_ci NULL DEFAULT NULL COMMENT 'HTTP方法: GET/POST/PUT/DELETE',
  `request_url` varchar(512) CHARACTER SET utf8mb4 COLLATE utf8mb4_unicode_ci NULL DEFAULT NULL COMMENT '请求URL',
  `ip` varchar(64) CHARACTER SET utf8mb4 COLLATE utf8mb4_unicode_ci NULL DEFAULT NULL COMMENT '客户端IP',
  `status` tinyint NOT NULL DEFAULT 1 COMMENT '操作状态: 1成功 0失败',
  `create_time` datetime NOT NULL COMMENT '创建时间',
  PRIMARY KEY (`id`) USING BTREE,
  INDEX `idx_user_id`(`user_id` ASC) USING BTREE,
  INDEX `idx_username`(`username` ASC) USING BTREE,
  INDEX `idx_operation`(`operation`(64) ASC) USING BTREE,
  INDEX `idx_create_time`(`create_time` ASC) USING BTREE
) ENGINE = InnoDB AUTO_INCREMENT = 31 CHARACTER SET = utf8mb4 COLLATE = utf8mb4_unicode_ci COMMENT = '操作审计日志表' ROW_FORMAT = Dynamic;

-- ----------------------------
-- Records of sys_audit_log
-- ----------------------------
INSERT INTO `sys_audit_log` VALUES (1, 1, 'admin', '上传知识库文档', 'POST', '/api/knowledge/upload', '192.168.1.100', 1, '2026-01-05 09:12:34');
INSERT INTO `sys_audit_log` VALUES (2, 1, 'admin', '上传知识库文档', 'POST', '/api/knowledge/upload', '192.168.1.100', 1, '2026-01-08 14:33:21');
INSERT INTO `sys_audit_log` VALUES (3, 1, 'admin', '删除知识库文档', 'DELETE', '/api/knowledge/3', '192.168.1.100', 1, '2026-01-08 14:45:09');
INSERT INTO `sys_audit_log` VALUES (4, 1, 'admin', '批量更新AI配置', 'PUT', '/api/admin/ai-config/batch', '192.168.1.100', 1, '2026-01-10 10:05:47');
INSERT INTO `sys_audit_log` VALUES (5, 1, 'admin', '创建问题模板', 'POST', '/api/template/', '192.168.1.100', 1, '2026-01-12 11:22:18');
INSERT INTO `sys_audit_log` VALUES (6, 1, 'admin', '创建问题模板', 'POST', '/api/template/', '192.168.1.100', 1, '2026-01-12 11:23:55');
INSERT INTO `sys_audit_log` VALUES (7, 1, 'admin', '更新问题模板', 'PUT', '/api/template/2', '192.168.1.100', 1, '2026-01-15 16:08:30');
INSERT INTO `sys_audit_log` VALUES (8, 1, 'admin', '修改用户状态', 'PUT', '/api/user/5/status', '192.168.1.100', 1, '2026-01-18 09:30:15');
INSERT INTO `sys_audit_log` VALUES (9, 1, 'admin', '修改用户角色', 'PUT', '/api/user/3/role', '192.168.1.100', 1, '2026-01-20 13:44:52');
INSERT INTO `sys_audit_log` VALUES (10, 1, 'admin', '发送系统通知', 'POST', '/api/notification/send', '192.168.1.100', 1, '2026-01-22 10:00:00');
INSERT INTO `sys_audit_log` VALUES (11, NULL, 'admin2', '上传知识库文档', 'POST', '/api/knowledge/upload', '10.0.0.5', 1, '2026-01-25 14:17:43');
INSERT INTO `sys_audit_log` VALUES (12, NULL, 'admin2', '重新处理知识库文档', 'POST', '/api/knowledge/7/reprocess', '10.0.0.5', 1, '2026-01-25 14:20:11');
INSERT INTO `sys_audit_log` VALUES (13, NULL, 'admin2', '批量更新AI配置', 'PUT', '/api/admin/ai-config/batch', '10.0.0.5', 0, '2026-01-28 16:55:30');
INSERT INTO `sys_audit_log` VALUES (14, NULL, 'admin2', '重置AI配置分组', 'POST', '/api/admin/ai-config/reset/llm', '10.0.0.5', 1, '2026-01-28 17:02:04');
INSERT INTO `sys_audit_log` VALUES (15, NULL, 'admin2', '创建问题模板', 'POST', '/api/template/', '10.0.0.5', 1, '2026-02-01 09:15:00');
INSERT INTO `sys_audit_log` VALUES (16, NULL, 'admin2', '切换模板状态', 'PUT', '/api/template/4/toggle', '10.0.0.5', 1, '2026-02-01 09:18:22');
INSERT INTO `sys_audit_log` VALUES (17, NULL, 'admin2', '删除问题模板', 'DELETE', '/api/template/6', '10.0.0.5', 1, '2026-02-05 11:40:37');
INSERT INTO `sys_audit_log` VALUES (18, NULL, 'admin2', '发送系统通知', 'POST', '/api/notification/send', '10.0.0.5', 1, '2026-02-10 15:30:00');
INSERT INTO `sys_audit_log` VALUES (19, NULL, 'sysadmin', '上传知识库文档', 'POST', '/api/knowledge/upload', '172.16.0.20', 1, '2026-02-12 08:45:22');
INSERT INTO `sys_audit_log` VALUES (20, NULL, 'sysadmin', '上传知识库文档', 'POST', '/api/knowledge/upload', '172.16.0.20', 1, '2026-02-12 08:50:11');
INSERT INTO `sys_audit_log` VALUES (21, NULL, 'sysadmin', '删除知识库文档', 'DELETE', '/api/knowledge/10', '172.16.0.20', 0, '2026-02-15 10:22:48');
INSERT INTO `sys_audit_log` VALUES (22, NULL, 'sysadmin', '修改用户状态', 'PUT', '/api/user/8/status', '172.16.0.20', 1, '2026-02-18 14:05:33');
INSERT INTO `sys_audit_log` VALUES (23, NULL, 'sysadmin', '批量更新AI配置', 'PUT', '/api/admin/ai-config/batch', '172.16.0.20', 1, '2026-02-20 09:30:00');
INSERT INTO `sys_audit_log` VALUES (24, NULL, 'sysadmin', '更新问题模板', 'PUT', '/api/template/3', '172.16.0.20', 1, '2026-02-22 13:15:47');
INSERT INTO `sys_audit_log` VALUES (25, NULL, 'sysadmin', '发送系统通知', 'POST', '/api/notification/send', '172.16.0.20', 1, '2026-02-25 16:00:00');
INSERT INTO `sys_audit_log` VALUES (26, NULL, 'sysadmin', '修改用户角色', 'PUT', '/api/user/6/role', '172.16.0.20', 1, '2026-03-01 10:10:10');
INSERT INTO `sys_audit_log` VALUES (27, NULL, 'sysadmin', '删除问题模板', 'DELETE', '/api/template/8', '172.16.0.20', 1, '2026-03-05 11:30:55');
INSERT INTO `sys_audit_log` VALUES (28, NULL, 'sysadmin', '重置AI配置分组', 'POST', '/api/admin/ai-config/reset/rag', '172.16.0.20', 0, '2026-03-10 14:22:18');
INSERT INTO `sys_audit_log` VALUES (29, 1, 'admin', '上传知识库文档', 'POST', '/api/knowledge/upload', '192.168.1.100', 1, '2026-03-15 09:00:00');
INSERT INTO `sys_audit_log` VALUES (30, 1, 'admin', '修改用户角色', 'PUT', '/api/user/1/role', '0:0:0:0:0:0:0:1', 1, '2026-03-22 18:05:59');

-- ----------------------------
-- Table structure for sys_favorite
-- ----------------------------
DROP TABLE IF EXISTS `sys_favorite`;
CREATE TABLE `sys_favorite`  (
  `id` bigint NOT NULL AUTO_INCREMENT COMMENT '主键',
  `user_id` bigint NOT NULL COMMENT '收藏用户ID',
  `message_id` bigint NOT NULL COMMENT '被收藏的消息ID',
  `conversation_id` bigint NULL DEFAULT NULL COMMENT '所属会话ID',
  `note` varchar(512) CHARACTER SET utf8mb4 COLLATE utf8mb4_unicode_ci NULL DEFAULT NULL COMMENT '收藏备注',
  `create_time` datetime NOT NULL COMMENT '收藏时间',
  PRIMARY KEY (`id`) USING BTREE,
  UNIQUE INDEX `uk_user_message`(`user_id` ASC, `message_id` ASC) USING BTREE COMMENT '同一用户不可重复收藏同一条消息',
  INDEX `idx_user_id`(`user_id` ASC) USING BTREE,
  INDEX `idx_message_id`(`message_id` ASC) USING BTREE,
  INDEX `idx_create_time`(`create_time` ASC) USING BTREE
) ENGINE = InnoDB AUTO_INCREMENT = 8 CHARACTER SET = utf8mb4 COLLATE = utf8mb4_unicode_ci COMMENT = '消息收藏表' ROW_FORMAT = Dynamic;

-- ----------------------------
-- Records of sys_favorite
-- ----------------------------
INSERT INTO `sys_favorite` VALUES (2, 1, 28, 16, NULL, '2026-03-22 17:21:21');
INSERT INTO `sys_favorite` VALUES (3, 1, 24, 14, NULL, '2026-03-22 17:21:23');
INSERT INTO `sys_favorite` VALUES (4, 1, 32, 18, NULL, '2026-03-22 17:29:16');
INSERT INTO `sys_favorite` VALUES (6, 1, 36, 20, NULL, '2026-03-22 18:05:25');
INSERT INTO `sys_favorite` VALUES (7, 1, 38, 21, NULL, '2026-03-22 18:09:07');

-- ----------------------------
-- Table structure for sys_notification
-- ----------------------------
DROP TABLE IF EXISTS `sys_notification`;
CREATE TABLE `sys_notification`  (
  `id` bigint NOT NULL AUTO_INCREMENT COMMENT '主键',
  `user_id` bigint NOT NULL COMMENT '接收用户ID',
  `title` varchar(128) CHARACTER SET utf8mb4 COLLATE utf8mb4_unicode_ci NOT NULL COMMENT '通知标题',
  `content` text CHARACTER SET utf8mb4 COLLATE utf8mb4_unicode_ci NOT NULL COMMENT '通知内容',
  `type` varchar(32) CHARACTER SET utf8mb4 COLLATE utf8mb4_unicode_ci NOT NULL DEFAULT 'system' COMMENT '通知类型: system/security/activity',
  `is_read` tinyint NOT NULL DEFAULT 0 COMMENT '是否已读: 0未读 1已读',
  `create_time` datetime NOT NULL COMMENT '创建时间',
  PRIMARY KEY (`id`) USING BTREE,
  INDEX `idx_user_id`(`user_id` ASC) USING BTREE,
  INDEX `idx_is_read`(`is_read` ASC) USING BTREE,
  INDEX `idx_create_time`(`create_time` ASC) USING BTREE
) ENGINE = InnoDB AUTO_INCREMENT = 21 CHARACTER SET = utf8mb4 COLLATE = utf8mb4_unicode_ci COMMENT = '系统通知表' ROW_FORMAT = Dynamic;

-- ----------------------------
-- Records of sys_notification
-- ----------------------------
INSERT INTO `sys_notification` VALUES (2, 2, 'tets', '6666', 'system', 0, '2026-03-22 17:10:20');
INSERT INTO `sys_notification` VALUES (3, 3, 'tets', '6666', 'system', 1, '2026-03-22 17:10:20');
INSERT INTO `sys_notification` VALUES (4, 4, 'tets', '6666', 'system', 0, '2026-03-22 17:10:20');
INSERT INTO `sys_notification` VALUES (5, 1, '系统部署完成', 'LawRAG v2.0 已成功部署上线，新增消息通知、问题模板、操作审计日志、问答收藏夹等功能，欢迎体验！', 'system', 0, '2026-03-22 17:24:46');
INSERT INTO `sys_notification` VALUES (6, 1, '知识库更新提醒', '系统检测到知识库中有 3 篇文档处于处理失败状态，请及时前往知识库管理页面查看并重新处理。', 'system', 0, '2026-03-22 16:24:46');
INSERT INTO `sys_notification` VALUES (7, 1, '新用户注册通知', '过去 24 小时内有 2 位新用户完成注册，当前系统注册用户总数已达 4 人。', 'activity', 1, '2026-03-22 15:24:46');
INSERT INTO `sys_notification` VALUES (8, 1, '异常登录提醒', '检测到您的账户在非常用 IP 192.168.10.55 登录，登录时间今日 09:32，如非本人操作请及时修改密码。', 'security', 1, '2026-03-22 14:24:46');
INSERT INTO `sys_notification` VALUES (9, 1, 'AI 配置已更新', '管理员 admin 修改了 RAG 配置参数：向量检索 Top-K 调整为 25，重排序 Top-K 调整为 8，新配置已实时生效。', 'system', 1, '2026-03-21 17:24:46');
INSERT INTO `sys_notification` VALUES (10, 1, '问答满意度周报', '本周用户满意度为 87.5%，共收到有用反馈 42 次，无用反馈 6 次，较上周提升 5.2%。', 'activity', 1, '2026-03-20 17:24:46');
INSERT INTO `sys_notification` VALUES (11, 2, '欢迎加入 LawRAG', '您好！欢迎使用 LawRAG 智能法律咨询平台。您可以在智能问答中输入法律问题，系统将基于权威法律文献为您提供专业解答。', 'system', 0, '2026-03-22 17:24:46');
INSERT INTO `sys_notification` VALUES (12, 2, '新功能上线：问答收藏', '您现在可以在对话界面点击消息右下角的星形按钮收藏重要回答，收藏内容可在侧边栏我的收藏中随时查看。', 'activity', 0, '2026-03-22 16:54:46');
INSERT INTO `sys_notification` VALUES (13, 2, '密码安全提醒', '您的账户密码已超过 90 天未修改，为保障账户安全，建议您前往个人中心更新密码。', 'security', 1, '2026-03-17 17:24:46');
INSERT INTO `sys_notification` VALUES (14, 3, '欢迎加入 LawRAG', '您好！欢迎使用 LawRAG 智能法律咨询平台。您可以在智能问答中输入法律问题，系统将基于权威法律文献为您提供专业解答。', 'system', 0, '2026-03-22 17:24:46');
INSERT INTO `sys_notification` VALUES (15, 3, '新功能上线：快捷提问', '平台新增快捷提问模板功能，在对话页面点击输入框左侧的问号按钮，即可从模板库中快速选择常见法律问题进行咨询。', 'activity', 0, '2026-03-22 16:24:46');
INSERT INTO `sys_notification` VALUES (16, 3, '系统维护通知', '计划于本周六 00:00-02:00 进行系统维护升级，维护期间服务暂停，请提前做好安排，感谢您的理解与支持。', 'system', 1, '2026-03-19 17:24:46');
INSERT INTO `sys_notification` VALUES (17, 4, '欢迎加入 LawRAG', '您好！欢迎使用 LawRAG 智能法律咨询平台。系统已为您开通全功能权限，如有疑问请联系管理员。', 'system', 0, '2026-03-22 17:24:46');
INSERT INTO `sys_notification` VALUES (18, 4, '您的问题已收录为模板', '您近期咨询的劳动合同被违约怎么办已被管理员收录为快捷提问模板，感谢您对平台建设的贡献！', 'activity', 0, '2026-03-22 15:24:46');
INSERT INTO `sys_notification` VALUES (19, 4, '新功能上线：数据大屏', '管理后台数据大屏新增热门问题 TOP10 图表与满意度概览面板，欢迎管理员登录查看。', 'activity', 1, '2026-03-22 13:24:46');
INSERT INTO `sys_notification` VALUES (20, 4, '账户安全通知', '您已成功开启登录通知功能，每次登录时系统将发送安全提醒，如需关闭请前往个人中心设置。', 'security', 1, '2026-03-16 17:24:46');

-- ----------------------------
-- Table structure for sys_question_template
-- ----------------------------
DROP TABLE IF EXISTS `sys_question_template`;
CREATE TABLE `sys_question_template`  (
  `id` bigint NOT NULL AUTO_INCREMENT COMMENT '主键',
  `title` varchar(128) CHARACTER SET utf8mb4 COLLATE utf8mb4_unicode_ci NOT NULL COMMENT '模板标题',
  `content` text CHARACTER SET utf8mb4 COLLATE utf8mb4_unicode_ci NOT NULL COMMENT '模板内容（完整问题文本）',
  `category` varchar(64) CHARACTER SET utf8mb4 COLLATE utf8mb4_unicode_ci NOT NULL DEFAULT 'general' COMMENT '分类',
  `sort_order` int NOT NULL DEFAULT 0 COMMENT '排序序号，越小越靠前',
  `status` tinyint NOT NULL DEFAULT 1 COMMENT '状态: 1启用 0禁用',
  `create_time` datetime NOT NULL COMMENT '创建时间',
  `update_time` datetime NOT NULL COMMENT '更新时间',
  `deleted` tinyint NOT NULL DEFAULT 0 COMMENT '逻辑删除: 0正常 1已删除',
  PRIMARY KEY (`id`) USING BTREE,
  INDEX `idx_category`(`category` ASC) USING BTREE,
  INDEX `idx_status`(`status` ASC) USING BTREE,
  INDEX `idx_sort_order`(`sort_order` ASC) USING BTREE
) ENGINE = InnoDB AUTO_INCREMENT = 13 CHARACTER SET = utf8mb4 COLLATE = utf8mb4_unicode_ci COMMENT = '问题模板表' ROW_FORMAT = Dynamic;

-- ----------------------------
-- Records of sys_question_template
-- ----------------------------
INSERT INTO `sys_question_template` VALUES (1, '劳动合同被违约怎么办', '公司突然要求我在无任何违纪情况下离职，并且拒绝支付经济补偿金，我应该如何通过法律途径维权？', '劳动法', 1, 1, '2026-03-22 17:08:36', '2026-03-22 17:08:36', 0);
INSERT INTO `sys_question_template` VALUES (2, '试用期被辞退有补偿吗', '我在试用期内被公司以\"不符合录用条件\"为由辞退，但公司没有明确告知过录用条件，我能获得赔偿吗？', '劳动法', 2, 1, '2026-03-22 17:08:36', '2026-03-22 17:08:36', 0);
INSERT INTO `sys_question_template` VALUES (3, '工资被拖欠怎么维权', '公司已经连续两个月没有发放工资，HR一直推脱，我可以通过哪些法律途径追讨拖欠工资？', '劳动法', 3, 1, '2026-03-22 17:08:36', '2026-03-22 17:08:36', 0);
INSERT INTO `sys_question_template` VALUES (4, '婚前财产离婚怎么分', '婚前我个人购买的房产，结婚后用共同积蓄还贷，离婚时这套房产应该如何分割？', '婚姻家庭', 4, 1, '2026-03-22 17:08:36', '2026-03-22 17:08:36', 0);
INSERT INTO `sys_question_template` VALUES (5, '离婚后孩子抚养权归谁', '我和配偶协议离婚，孩子3岁，我们双方都想要抚养权，法院一般会如何判决？', '婚姻家庭', 5, 1, '2026-03-22 17:08:36', '2026-03-22 17:08:36', 0);
INSERT INTO `sys_question_template` VALUES (6, '合同违约如何索赔', '我与供应商签订了采购合同，对方逾期交货导致我损失了客户订单，我可以要求哪些赔偿？', '合同法', 6, 1, '2026-03-22 17:08:36', '2026-03-22 17:08:36', 0);
INSERT INTO `sys_question_template` VALUES (7, '电商购物遭遇假货维权', '在某电商平台购买了一件商品，收到后确认是假冒伪劣产品，我可以要求退款并索赔吗？', '消费者权益', 7, 1, '2026-03-22 17:08:36', '2026-03-22 17:08:36', 0);
INSERT INTO `sys_question_template` VALUES (8, '房东不退押金怎么办', '租房合同到期，我按时搬离且房屋没有损坏，但房东以各种理由拒绝退还押金，我该如何处理？', '合同法', 8, 1, '2026-03-22 17:08:36', '2026-03-22 17:08:36', 0);
INSERT INTO `sys_question_template` VALUES (9, '遭遇网络诈骗如何报案', '我被网络诈骗损失了2万元，已经掌握了对方的账号和转账记录，应该向哪个部门报案，能追回来吗？', '刑法', 9, 1, '2026-03-22 17:08:36', '2026-03-22 17:08:36', 0);
INSERT INTO `sys_question_template` VALUES (10, '交通事故对方不赔怎么办', '我被对方车辆追尾，对方全责，但保险公司迟迟不赔付，我应该怎么处理？', '民法', 1, 1, '2026-03-22 17:08:36', '2026-03-22 17:16:11', 0);
INSERT INTO `sys_question_template` VALUES (11, '个人信息被泄露如何维权', '我发现某公司将我的个人信息出售给第三方，导致我频繁接到骚扰电话，我有哪些法律救济途径？', '个人信息保护', 11, 1, '2026-03-22 17:08:36', '2026-03-22 17:08:36', 0);
INSERT INTO `sys_question_template` VALUES (12, '房屋买卖合同纠纷', '我已支付购房定金，但卖方反悔不想卖了，我是否可以要求双倍返还定金？', '合同法', 12, 1, '2026-03-22 17:08:36', '2026-03-22 17:08:36', 0);

-- ----------------------------
-- Table structure for sys_user
-- ----------------------------
DROP TABLE IF EXISTS `sys_user`;
CREATE TABLE `sys_user`  (
  `id` bigint NOT NULL AUTO_INCREMENT COMMENT '主键ID',
  `username` varchar(50) CHARACTER SET utf8mb4 COLLATE utf8mb4_unicode_ci NOT NULL COMMENT '用户名',
  `password` varchar(100) CHARACTER SET utf8mb4 COLLATE utf8mb4_unicode_ci NOT NULL COMMENT '密码(BCrypt加密)',
  `phone` varchar(20) CHARACTER SET utf8mb4 COLLATE utf8mb4_unicode_ci NULL DEFAULT NULL COMMENT '手机号',
  `nickname` varchar(50) CHARACTER SET utf8mb4 COLLATE utf8mb4_unicode_ci NULL DEFAULT NULL COMMENT '昵称',
  `avatar` varchar(500) CHARACTER SET utf8mb4 COLLATE utf8mb4_unicode_ci NULL DEFAULT NULL COMMENT '头像URL',
  `role` varchar(20) CHARACTER SET utf8mb4 COLLATE utf8mb4_unicode_ci NOT NULL DEFAULT 'user' COMMENT '角色: admin/user',
  `legal_profile` text CHARACTER SET utf8mb4 COLLATE utf8mb4_unicode_ci NULL COMMENT '法律档案 JSON',
  `status` tinyint NOT NULL DEFAULT 1 COMMENT '状态: 1正常 0禁用',
  `last_login` datetime NULL DEFAULT NULL COMMENT '最后登录时间',
  `create_time` datetime NOT NULL DEFAULT CURRENT_TIMESTAMP COMMENT '创建时间',
  `update_time` datetime NOT NULL DEFAULT CURRENT_TIMESTAMP ON UPDATE CURRENT_TIMESTAMP COMMENT '更新时间',
  `deleted` tinyint NOT NULL DEFAULT 0 COMMENT '逻辑删除',
  PRIMARY KEY (`id`) USING BTREE,
  UNIQUE INDEX `uk_username`(`username` ASC) USING BTREE,
  INDEX `idx_phone`(`phone` ASC) USING BTREE
) ENGINE = InnoDB AUTO_INCREMENT = 15 CHARACTER SET = utf8mb4 COLLATE = utf8mb4_unicode_ci COMMENT = '系统用户表' ROW_FORMAT = DYNAMIC;

-- ----------------------------
-- Records of sys_user
-- ----------------------------
INSERT INTO `sys_user` VALUES (1, 'admin', '$2a$10$qltcH3e2616cDcJx/Z8i2O0fBGM5gXh0WJps4D.QnBZdhvAXCyXku', '13800000001', '管理员', '/uploads/avatar/418d7e11-da2c-4b47-95e7-a1074ef07cdb.png', 'admin', '{\"legalType\":\"合同纠纷\",\"region\":\"\",\"identity\":\"法律从业者\",\"caseDesc\":\"\"}', 1, '2026-03-23 00:04:05', '2026-03-21 18:55:43', '2026-03-22 18:07:27', 0);
INSERT INTO `sys_user` VALUES (2, 'lawyer', '$2a$10$qltcH3e2616cDcJx/Z8i2O0fBGM5gXh0WJps4D.QnBZdhvAXCyXku', '13800000002', '律师用户', NULL, 'user', '{\"legalType\":\"劳动纠纷\",\"region\":\"广东省广州市\",\"identity\":\"法律从业者\",\"caseDesc\":\"\"}', 1, NULL, '2026-03-21 18:55:43', '2026-03-21 19:57:42', 0);
INSERT INTO `sys_user` VALUES (3, 'user01', '$2a$10$qltcH3e2616cDcJx/Z8i2O0fBGM5gXh0WJps4D.QnBZdhvAXCyXku', '13800000003', 'ismon', '/uploads/avatar/c1819b97-9f26-4cba-9085-beee2d3b71b1.png', 'user', '{\"legalType\":\"劳动纠纷\",\"region\":\"北京市\",\"identity\":\"当事人（原告/申请人）\",\"caseDesc\":\"被公司以末位淘汰为由辞退，未支付任何赔偿\"}', 1, '2026-03-22 17:11:00', '2026-03-21 18:55:43', '2026-03-21 19:57:43', 0);
INSERT INTO `sys_user` VALUES (4, 'simon', '$2a$10$qltcH3e2616cDcJx/Z8i2O0fBGM5gXh0WJps4D.QnBZdhvAXCyXku', '19845293381', 'simon', '/uploads/avatar/dba01113-a4dc-40be-8e39-5e3f51a24248.png', 'user', '{\"legalType\":\"合同纠纷\",\"region\":\"\",\"identity\":\"当事人（原告/申请人）\",\"caseDesc\":\"\"}', 1, '2026-03-21 19:51:04', '2026-03-21 19:11:10', '2026-03-21 19:11:10', 0);
INSERT INTO `sys_user` VALUES (5, 'admin2', '$2a$10$qltcH3e2616cDcJx/Z8i2O0fBGM5gXh0WJps4D.QnBZdhvAXCyXku', '13800000005', '李管理', NULL, 'admin', NULL, 1, NULL, '2026-01-03 09:15:22', '2026-01-03 09:15:22', 0);
INSERT INTO `sys_user` VALUES (6, 'sysadmin', '$2a$10$qltcH3e2616cDcJx/Z8i2O0fBGM5gXh0WJps4D.QnBZdhvAXCyXku', '13800000006', '系统管理员', NULL, 'admin', NULL, 1, NULL, '2026-01-07 14:30:08', '2026-01-07 14:30:08', 0);
INSERT INTO `sys_user` VALUES (7, 'zhangwei', '$2a$10$qltcH3e2616cDcJx/Z8i2O0fBGM5gXh0WJps4D.QnBZdhvAXCyXku', '13811111111', '张伟', NULL, 'user', NULL, 1, NULL, '2026-01-10 08:22:45', '2026-01-10 08:22:45', 0);
INSERT INTO `sys_user` VALUES (8, 'liufang', '$2a$10$qltcH3e2616cDcJx/Z8i2O0fBGM5gXh0WJps4D.QnBZdhvAXCyXku', '13822222222', '刘芳', NULL, 'user', NULL, 1, NULL, '2026-01-15 11:05:33', '2026-01-15 11:05:33', 0);
INSERT INTO `sys_user` VALUES (9, 'wangpeng', '$2a$10$qltcH3e2616cDcJx/Z8i2O0fBGM5gXh0WJps4D.QnBZdhvAXCyXku', '13833333333', '王鹏', NULL, 'user', NULL, 1, NULL, '2026-01-22 16:48:19', '2026-01-22 16:48:19', 0);
INSERT INTO `sys_user` VALUES (10, 'chenxia', '$2a$10$qltcH3e2616cDcJx/Z8i2O0fBGM5gXh0WJps4D.QnBZdhvAXCyXku', '13844444444', '陈霞', NULL, 'user', NULL, 1, NULL, '2026-02-03 10:17:56', '2026-02-03 10:17:56', 0);
INSERT INTO `sys_user` VALUES (11, 'zhaolei', '$2a$10$qltcH3e2616cDcJx/Z8i2O0fBGM5gXh0WJps4D.QnBZdhvAXCyXku', '13855555555', '赵磊', NULL, 'user', NULL, 1, NULL, '2026-02-14 13:42:07', '2026-02-14 13:42:07', 0);
INSERT INTO `sys_user` VALUES (12, 'sunmin', '$2a$10$qltcH3e2616cDcJx/Z8i2O0fBGM5gXh0WJps4D.QnBZdhvAXCyXku', '13866666666', '孙敏', NULL, 'user', NULL, 1, NULL, '2026-02-20 09:30:51', '2026-02-20 09:30:51', 0);
INSERT INTO `sys_user` VALUES (13, 'lijuan', '$2a$10$qltcH3e2616cDcJx/Z8i2O0fBGM5gXh0WJps4D.QnBZdhvAXCyXku', '13877777777', '李娟', NULL, 'user', NULL, 1, NULL, '2026-03-05 15:22:38', '2026-03-05 15:22:38', 0);
INSERT INTO `sys_user` VALUES (14, 'yangbo', '$2a$10$qltcH3e2616cDcJx/Z8i2O0fBGM5gXh0WJps4D.QnBZdhvAXCyXku', '13888888888', '杨博', NULL, 'user', NULL, 0, NULL, '2026-03-18 17:09:14', '2026-03-18 17:09:14', 0);

SET FOREIGN_KEY_CHECKS = 1;
